0x7100006b60	arm_000_x2	F
0x7100006e50	arm_001	F
0x7100007180	arm_002_x2	F
0x7100007480	arm_003	F
0x71000077b0	arm_004_x2	F
0x7100007ab0	arm_005	F
0x7100007db0	arm_006_x2	F
0x71000080d0	arm_007	F
0x71000083d0	arm_009	F
0x71000084f0	arm_00b	F
0x7100008640	arm_00d_x1157	F
0x71000086f0	arm_010_x2	F
0x7100008a70	arm_011	F
0x7100008e30	arm_012_x2	F
0x71000091b0	arm_013	F
0x7100009570	arm_014_x2	F
0x71000098f0	arm_015	F
0x7100009c90	arm_016_x2	F
0x710000a020	arm_017	F
0x710000a3c0	arm_019	F
0x710000a4f0	arm_01b	F
0x710000a730	arm_01d_x2	F
0x710000a970	arm_01f_x2	F
0x710000abc0	arm_020_x2	F
0x710000aeb0	arm_021	F
0x710000b1e0	arm_022_x2	F
0x710000b4e0	arm_023	F
0x710000b810	arm_024_x2	F
0x710000bb10	arm_025	F
0x710000be10	arm_026_x2	F
0x710000c130	arm_027	F
0x710000c430	arm_029	F
0x710000c550	arm_030_x2	F
0x710000c8d0	arm_031	F
0x710000cc90	arm_032_x2	F
0x710000d010	arm_033	F
0x710000d3d0	arm_034_x2	F
0x710000d750	arm_035	F
0x710000daf0	arm_036_x2	F
0x710000de80	arm_037	F
0x710000e220	arm_039	F
0x710000e360	arm_040_x2	F
0x710000e650	arm_041	F
0x710000e980	arm_042_x2	F
0x710000ec80	arm_043	F
0x710000efb0	arm_044_x2	F
0x710000f2b0	arm_045	F
0x710000f5b0	arm_046_x2	F
0x710000f8d0	arm_047	F
0x710000fbd0	arm_04b	F
0x710000fd20	arm_050_x2	F
0x71000100a0	arm_051	F
0x7100010460	arm_052_x2	F
0x71000107f0	arm_053	F
0x7100010bb0	arm_054_x2	F
0x7100010f40	arm_055	F
0x71000112d0	arm_056_x2	F
0x7100011680	arm_057	F
0x7100011a10	arm_05b	F
0x7100011c60	arm_05d_x2	F
0x7100011eb0	arm_05f_x2	F
0x7100012110	arm_060_x2	F
0x7100012400	arm_061	F
0x7100012730	arm_062_x2	F
0x7100012a30	arm_063	F
0x7100012d60	arm_064_x2	F
0x7100013060	arm_065	F
0x7100013360	arm_066_x2	F
0x7100013680	arm_067	F
0x7100013980	arm_070_x2	F
0x7100013d00	arm_071	F
0x71000140c0	arm_072_x2	F
0x7100014450	arm_073	F
0x7100014810	arm_074_x2	F
0x7100014ba0	arm_075	F
0x7100014f30	arm_076_x2	F
0x71000152e0	arm_077	F
0x7100015670	arm_080_x2	F
0x7100015960	arm_081	F
0x7100015c90	arm_082_x2	F
0x7100015f90	arm_083	F
0x71000162c0	arm_084_x2	F
0x71000165c0	arm_085	F
0x71000168c0	arm_086_x2	F
0x7100016be0	arm_087	F
0x7100016ee0	arm_089	F
0x7100017000	arm_08b	F
0x7100017150	arm_090_x2	F
0x71000174d0	arm_091	F
0x7100017890	arm_092_x2	F
0x7100017c20	arm_093	F
0x7100017fe0	arm_094_x2	F
0x7100018370	arm_095	F
0x7100018700	arm_096_x2	F
0x7100018ab0	arm_097	F
0x7100018e40	arm_099	F
0x7100018fa0	arm_09b	F
0x71000191e0	arm_09d_x2	F
0x7100019420	arm_09f_x2	F
0x7100019670	arm_0a0_x2	F
0x7100019970	arm_0a1	F
0x7100019cb0	arm_0a2_x2	F
0x7100019fc0	arm_0a3	F
0x710001a300	arm_0a4_x2	F
0x710001a600	arm_0a5	F
0x710001a910	arm_0a6_x2	F
0x710001ac30	arm_0a7	F
0x710001af40	arm_0a9	F
0x710001b080	arm_0b0_x2	F
0x710001b410	arm_0b1	F
0x710001b7e0	arm_0b2_x2	F
0x710001bb80	arm_0b3	F
0x710001bf50	arm_0b4_x2	F
0x710001c2e0	arm_0b5	F
0x710001c680	arm_0b6_x2	F
0x710001ca30	arm_0b7	F
0x710001cdd0	arm_0b9	F
0x710001cf40	arm_0c0_x2	F
0x710001d240	arm_0c1	F
0x710001d580	arm_0c2_x2	F
0x710001d890	arm_0c3	F
0x710001dbd0	arm_0c4_x2	F
0x710001dee0	arm_0c5	F
0x710001e1f0	arm_0c6_x2	F
0x710001e520	arm_0c7	F
0x710001e830	arm_0c9	F
0x710001e950	arm_0cb	F
0x710001eaa0	arm_0d0_x2	F
0x710001ee30	arm_0d1	F
0x710001f200	arm_0d2_x2	F
0x710001f5a0	arm_0d3	F
0x710001f970	arm_0d4_x2	F
0x710001fd10	arm_0d5	F
0x71000200b0	arm_0d6_x2	F
0x7100020470	arm_0d7	F
0x7100020810	arm_0d9	F
0x7100020970	arm_0db	F
0x7100020bc0	arm_0dd_x2	F
0x7100020e10	arm_0df_x2	F
0x7100021070	arm_0e0_x2	F
0x7100021370	arm_0e1	F
0x71000216b0	arm_0e2_x2	F
0x71000219c0	arm_0e3	F
0x7100021d00	arm_0e4_x2	F
0x7100022010	arm_0e5	F
0x7100022320	arm_0e6_x2	F
0x7100022650	arm_0e7	F
0x7100022960	arm_0e9	F
0x7100022aa0	arm_0f0_x2	F
0x7100022e30	arm_0f1	F
0x7100023200	arm_0f2_x2	F
0x71000235a0	arm_0f3	F
0x7100023970	arm_0f4_x2	F
0x7100023d10	arm_0f5	F
0x71000240b0	arm_0f6_x2	F
0x7100024470	arm_0f7	F
0x7100024810	arm_0f9	F
0x7100024980	arm_100	F
0x7100024ad0	arm_109	F
0x7100024c10	arm_10b	F
0x7100024d50	arm_110_x2	F
0x7100025090	arm_111	F
0x7100025400	arm_112_x2	F
0x7100025730	arm_113	F
0x7100025aa0	arm_114_x2	F
0x7100025dd0	arm_115	F
0x7100026120	arm_116_x2	F
0x7100026470	arm_117	F
0x71000267c0	arm_11b	F
0x71000269f0	arm_11d	F
0x7100026c20	arm_11f	F
0x7100026e60	arm_120	F
0x7100027110	arm_121	F
0x7100027310	arm_12b	F
0x7100027450	arm_130_x2	F
0x7100027790	arm_131	F
0x7100027b00	arm_132_x2	F
0x7100027e30	arm_133	F
0x71000281a0	arm_134_x2	F
0x71000284d0	arm_135	F
0x7100028830	arm_136_x2	F
0x7100028b80	arm_137	F
0x7100028ed0	arm_13b	F
0x7100029110	arm_13d	F
0x7100029350	arm_13f	F
0x71000295a0	arm_140	F
0x7100029670	arm_149	F
0x71000297b0	arm_14b	F
0x71000298f0	arm_150_x2	F
0x7100029c20	arm_151	F
0x7100029f90	arm_152_x2	F
0x710002a2d0	arm_153	F
0x710002a640	arm_154_x2	F
0x710002a980	arm_155	F
0x710002acd0	arm_156_x2	F
0x710002b030	arm_157	F
0x710002b380	arm_15b	F
0x710002b5b0	arm_15d	F
0x710002b7e0	arm_15f	F
0x710002ba20	arm_160	F
0x710002bb60	arm_16b	F
0x710002bca0	arm_170_x2	F
0x710002bfd0	arm_171	F
0x710002c340	arm_172_x2	F
0x710002c680	arm_173	F
0x710002c9f0	arm_174_x2	F
0x710002cd30	arm_175	F
0x710002d080	arm_176_x2	F
0x710002d3e0	arm_177	F
0x710002d730	arm_17b	F
0x710002d970	arm_17d	F
0x710002dbb0	arm_17f	F
0x710002de00	arm_180_x2	F
0x710002e0f0	arm_181	F
0x710002e420	arm_182_x2	F
0x710002e720	arm_183	F
0x710002ea50	arm_184_x2	F
0x710002ed50	arm_185	F
0x710002f050	arm_186_x2	F
0x710002f370	arm_187	F
0x710002f670	arm_18b	F
0x710002f7b0	arm_190_x2	F
0x710002fb30	arm_191	F
0x710002fef0	arm_192_x2	F
0x7100030270	arm_193	F
0x7100030630	arm_194_x2	F
0x71000309b0	arm_195	F
0x7100030d50	arm_196_x2	F
0x71000310e0	arm_197	F
0x7100031480	arm_19b	F
0x71000316b0	arm_19d	F
0x71000318e0	arm_19f	F
0x7100031b20	arm_1a0_x2	F
0x7100031e00	arm_1a1	F
0x7100032120	arm_1a2_x2	F
0x7100032410	arm_1a3	F
0x7100032730	arm_1a4_x2	F
0x7100032a20	arm_1a5	F
0x7100032d10	arm_1a6_x2	F
0x7100033020	arm_1a7	F
0x7100033320	arm_1ab	F
0x7100033460	arm_1b0_x2	F
0x71000337e0	arm_1b1	F
0x7100033bc0	arm_1b2_x2	F
0x7100033f30	arm_1b3	F
0x7100034310	arm_1b4_x2	F
0x7100034680	arm_1b5	F
0x7100034a30	arm_1b6_x2	F
0x7100034dc0	arm_1b7	F
0x7100035160	arm_1bb	F
0x71000353a0	arm_1bd	F
0x71000355e0	arm_1bf	F
0x7100035830	arm_1c0_x2	F
0x7100035b20	arm_1c1	F
0x7100035e50	arm_1c2_x2	F
0x7100036160	arm_1c3	F
0x7100036490	arm_1c4_x2	F
0x7100036790	arm_1c5	F
0x7100036a90	arm_1c6_x2	F
0x7100036db0	arm_1c7	F
0x71000370b0	arm_1cb	F
0x71000371f0	arm_1d0_x2	F
0x7100037570	arm_1d1	F
0x7100037930	arm_1d2_x2	F
0x7100037cb0	arm_1d3	F
0x7100038070	arm_1d4_x2	F
0x71000383f0	arm_1d5	F
0x7100038790	arm_1d6_x2	F
0x7100038b20	arm_1d7	F
0x7100038ec0	arm_1db	F
0x71000390f0	arm_1dd	F
0x7100039320	arm_1df	F
0x7100039560	arm_1e0_x2	F
0x7100039840	arm_1e1	F
0x7100039b60	arm_1e2_x2	F
0x7100039e60	arm_1e3	F
0x710003a180	arm_1e4_x2	F
0x710003a470	arm_1e5	F
0x710003a770	arm_1e6_x2	F
0x710003aa90	arm_1e7	F
0x710003ad90	arm_1eb	F
0x710003aed0	arm_1f0_x2	F
0x710003b250	arm_1f1	F
0x710003b600	arm_1f2_x2	F
0x710003b970	arm_1f3	F
0x710003bd20	arm_1f4_x2	F
0x710003c090	arm_1f5	F
0x710003c420	arm_1f6_x2	F
0x710003c7b0	arm_1f7	F
0x710003cb40	arm_1fb	F
0x710003cd80	arm_1fd	F
0x710003cfc0	arm_1ff	F
0x710003d210	arm_200_x16	F
0x710003d500	arm_210_x16	F
0x710003d870	arm_220_x16	F
0x710003db60	arm_230_x16	F
0x710003ded0	arm_240_x16	F
0x710003e1c0	arm_250_x16	F
0x710003e540	arm_260_x16	F
0x710003e830	arm_270_x16	F
0x710003ebb0	arm_280_x16	F
0x710003eea0	arm_290_x16	F
0x710003f220	arm_2a0_x16	F
0x710003f520	arm_2b0_x16	F
0x710003f8b0	arm_2c0_x16	F
0x710003fbb0	arm_2d0_x16	F
0x710003ff40	arm_2e0_x16	F
0x7100040240	arm_2f0_x16	F
0x71000405d0	arm_310_x16	F
0x7100040900	arm_320_x16	F
0x7100040bb0	arm_330_x16	F
0x7100040ee0	arm_350_x16	F
0x7100041210	arm_360_x16	F
0x7100041350	arm_370_x16	F
0x7100041680	arm_380_x16	F
0x7100041970	arm_390_x16	F
0x7100041ce0	arm_3a0_x16	F
0x7100041fc0	arm_3b0_x16	F
0x7100042330	arm_3c0_x16	F
0x7100042620	arm_3d0_x16	F
0x7100042990	arm_3e0_x16	F
0x7100042c80	arm_3f0_x16	F
0x7100042ff0	arm_400_x32	F
0x7100043130	arm_410_x32	F
0x7100043370	arm_440_x32	F
0x71000434b0	arm_450_x32	F
0x71000436f0	arm_480_x32	F
0x7100043830	arm_490_x32	F
0x7100043a70	arm_4c0_x32	F
0x7100043bb0	arm_4d0_x32	F
0x7100043df0	arm_500_x16	F
0x7100043f20	arm_510_x16	F
0x7100044140	arm_520_x16	F
0x7100044280	arm_530_x16	F
0x71000444b0	arm_540_x16	F
0x71000445e0	arm_550_x16	F
0x7100044810	arm_560_x16	F
0x7100044950	arm_570_x16	F
0x7100044b90	arm_580_x16	F
0x7100044cc0	arm_590_x16	F
0x7100044ee0	arm_5a0_x16	F
0x7100045020	arm_5b0_x16	F
0x7100045250	arm_5c0_x16	F
0x7100045380	arm_5d0_x16	F
0x71000455b0	arm_5e0_x16	F
0x71000456f0	arm_5f0_x16	F
0x7100045930	arm_600_x4	F
0x7100045a80	arm_602_x4	F
0x7100045bf0	arm_604_x4	F
0x7100045d50	arm_606_x4	F
0x7100045ec0	arm_610_x4	F
0x7100046110	arm_612_x4	F
0x7100046380	arm_614_x4	F
0x71000465e0	arm_616_x4	F
0x7100046840	arm_640_x4	F
0x7100046990	arm_642_x4	F
0x7100046b10	arm_644_x4	F
0x7100046c70	arm_646_x4	F
0x7100046de0	arm_650_x4	F
0x7100047030	arm_652_x4	F
0x71000472a0	arm_654_x4	F
0x7100047500	arm_656_x4	F
0x7100047760	arm_680_x4	F
0x71000478b0	arm_682_x4	F
0x7100047a20	arm_684_x4	F
0x7100047b80	arm_686_x4	F
0x7100047cf0	arm_690_x4	F
0x7100047f40	arm_692_x4	F
0x71000481b0	arm_694_x4	F
0x7100048410	arm_696_x4	F
0x7100048670	arm_6c0_x4	F
0x71000487c0	arm_6c2_x4	F
0x7100048940	arm_6c4_x4	F
0x7100048aa0	arm_6c6_x4	F
0x7100048c10	arm_6d0_x4	F
0x7100048e60	arm_6d2_x4	F
0x71000490d0	arm_6d4_x4	F
0x7100049330	arm_6d6_x4	F
0x7100049590	arm_700_x2	F
0x71000496d0	arm_702_x2	F
0x7100049820	arm_704_x2	F
0x7100049970	arm_706_x2	F
0x7100049ad0	arm_710_x2	F
0x7100049d00	arm_712_x2	F
0x7100049f40	arm_714_x2	F
0x710004a180	arm_716_x2	F
0x710004a3d0	arm_720_x2	F
0x710004a510	arm_722_x2	F
0x710004a660	arm_724_x2	F
0x710004a7b0	arm_726_x2	F
0x710004a910	arm_730_x2	F
0x710004ab50	arm_732_x2	F
0x710004ada0	arm_734_x2	F
0x710004aff0	arm_736_x2	F
0x710004b250	arm_740_x2	F
0x710004b390	arm_742_x2	F
0x710004b4e0	arm_744_x2	F
0x710004b630	arm_746_x2	F
0x710004b790	arm_750_x2	F
0x710004b9c0	arm_752_x2	F
0x710004bc00	arm_754_x2	F
0x710004be40	arm_756_x2	F
0x710004c090	arm_760_x2	F
0x710004c1e0	arm_762_x2	F
0x710004c340	arm_764_x2	F
0x710004c490	arm_766_x2	F
0x710004c600	arm_770_x2	F
0x710004c840	arm_772_x2	F
0x710004ca90	arm_774_x2	F
0x710004cce0	arm_776_x2	F
0x710004cf40	arm_780_x2	F
0x710004d080	arm_782_x2	F
0x710004d1d0	arm_784_x2	F
0x710004d320	arm_786_x2	F
0x710004d480	arm_790_x2	F
0x710004d6b0	arm_792_x2	F
0x710004d8f0	arm_794_x2	F
0x710004db30	arm_796_x2	F
0x710004dd80	arm_7a0_x2	F
0x710004dec0	arm_7a2_x2	F
0x710004e010	arm_7a4_x2	F
0x710004e160	arm_7a6_x2	F
0x710004e2c0	arm_7b0_x2	F
0x710004e500	arm_7b2_x2	F
0x710004e750	arm_7b4_x2	F
0x710004e9a0	arm_7b6_x2	F
0x710004ec00	arm_7c0_x2	F
0x710004ed40	arm_7c2_x2	F
0x710004ee90	arm_7c4_x2	F
0x710004efe0	arm_7c6_x2	F
0x710004f140	arm_7d0_x2	F
0x710004f370	arm_7d2_x2	F
0x710004f5b0	arm_7d4_x2	F
0x710004f7f0	arm_7d6_x2	F
0x710004fa40	arm_7e0_x2	F
0x710004fb90	arm_7e2_x2	F
0x710004fcf0	arm_7e4_x2	F
0x710004fe40	arm_7e6_x2	F
0x710004ffb0	arm_7f0_x2	F
0x71000501f0	arm_7f2_x2	F
0x7100050440	arm_7f4_x2	F
0x7100050690	arm_7f6_x2	F
0x71000508f0	arm_800_x16	F
0x71000513b0	arm_810_x16	F
0x7100051f50	arm_820_x16	F
0x7100052a50	arm_830_x16	F
0x7100053610	arm_840_x16	F
0x7100054420	arm_850_x16	F
0x7100055820	arm_860_x16	F
0x7100056690	arm_870_x16	F
0x7100057a90	arm_880_x16	F
0x7100058530	arm_890_x16	F
0x71000590b0	arm_8a0_x16	F
0x7100059bb0	arm_8b0_x16	F
0x710005a770	arm_8c0_x16	F
0x710005b560	arm_8d0_x16	F
0x710005c940	arm_8e0_x16	F
0x710005d7a0	arm_8f0_x16	F
0x710005eba0	arm_900_x16	F
0x710005f650	arm_910_x16	F
0x71000601f0	arm_920_x16	F
0x7100060cf0	arm_930_x16	F
0x71000618b0	arm_940_x16	F
0x71000626b0	arm_950_x16	F
0x7100063ab0	arm_960_x16	F
0x7100064910	arm_970_x16	F
0x7100065d10	arm_980_x16	F
0x71000667b0	arm_990_x16	F
0x7100067330	arm_9a0_x16	F
0x7100067e30	arm_9b0_x16	F
0x7100068a00	arm_9c0_x16	F
0x71000697f0	arm_9d0_x16	F
0x710006abd0	arm_9e0_x16	F
0x710006ba40	arm_9f0_x16	F
0x710006ce50	arm_a00_x256	F
0x710006cff0	arm_b00_x256	F
0x710006d190	arm_f00_x256	F
0x710006f2e0	thumb_000	F
0x710006f320	thumb_001	F
0x710006f360	thumb_002	F
0x710006f3a0	thumb_003	F
0x710006f3e0	thumb_004	F
0x710006f420	thumb_005	F
0x710006f460	thumb_006	F
0x710006f4a0	thumb_007	F
0x710006f4e0	thumb_008	F
0x710006f520	thumb_009	F
0x710006f560	thumb_00a	F
0x710006f5a0	thumb_00b	F
0x710006f5e0	thumb_00c	F
0x710006f620	thumb_00d	F
0x710006f660	thumb_00e	F
0x710006f6a0	thumb_00f	F
0x710006f6e0	thumb_010	F
0x710006f720	thumb_011	F
0x710006f760	thumb_012	F
0x710006f7a0	thumb_013	F
0x710006f7e0	thumb_014	F
0x710006f820	thumb_015	F
0x710006f860	thumb_016	F
0x710006f8a0	thumb_017	F
0x710006f8e0	thumb_018	F
0x710006f920	thumb_019	F
0x710006f970	thumb_01a	F
0x710006f9c0	thumb_01b	F
0x710006fa10	thumb_01c	F
0x710006fa60	thumb_01d	F
0x710006fab0	thumb_01e	F
0x710006fb00	thumb_01f	F
0x710006fb40	thumb_020	F
0x710006fb80	thumb_021	F
0x710006fbc0	thumb_022	F
0x710006fc00	thumb_023	F
0x710006fc40	thumb_024	F
0x710006fc80	thumb_025	F
0x710006fcc0	thumb_026	F
0x710006fd00	thumb_027	F
0x710006fd40	thumb_028	F
0x710006fd80	thumb_029	F
0x710006fdc0	thumb_02a	F
0x710006fe00	thumb_02b	F
0x710006fe40	thumb_02c	F
0x710006fe80	thumb_02d	F
0x710006fec0	thumb_02e	F
0x710006ff00	thumb_02f	F
0x710006ff40	thumb_030	F
0x710006ff80	thumb_031	F
0x710006ffc0	thumb_032	F
0x7100070000	thumb_033	F
0x7100070040	thumb_034	F
0x7100070080	thumb_035	F
0x71000700c0	thumb_036	F
0x7100070100	thumb_037	F
0x7100070140	thumb_038	F
0x7100070180	thumb_039	F
0x71000701c0	thumb_03a	F
0x7100070200	thumb_03b	F
0x7100070240	thumb_03c	F
0x7100070280	thumb_03d	F
0x71000702c0	thumb_03e	F
0x7100070300	thumb_03f	F
0x7100070340	thumb_040	F
0x7100070380	thumb_041	F
0x71000703c0	thumb_042	F
0x7100070400	thumb_043	F
0x7100070440	thumb_044	F
0x7100070480	thumb_045	F
0x71000704c0	thumb_046	F
0x7100070500	thumb_047	F
0x7100070540	thumb_048	F
0x7100070580	thumb_049	F
0x71000705c0	thumb_04a	F
0x7100070600	thumb_04b	F
0x7100070640	thumb_04c	F
0x7100070680	thumb_04d	F
0x71000706c0	thumb_04e	F
0x7100070700	thumb_04f	F
0x7100070740	thumb_050	F
0x7100070780	thumb_051	F
0x71000707c0	thumb_052	F
0x7100070800	thumb_053	F
0x7100070840	thumb_054	F
0x7100070880	thumb_055	F
0x71000708c0	thumb_056	F
0x7100070900	thumb_057	F
0x7100070940	thumb_058	F
0x7100070980	thumb_059	F
0x71000709c0	thumb_05a	F
0x7100070a00	thumb_05b	F
0x7100070a40	thumb_05c	F
0x7100070a80	thumb_05d	F
0x7100070ac0	thumb_05e	F
0x7100070b00	thumb_05f	F
0x7100070b40	thumb_060	F
0x7100070bc0	thumb_061	F
0x7100070c40	thumb_062	F
0x7100070cc0	thumb_063	F
0x7100070d40	thumb_064	F
0x7100070dc0	thumb_065	F
0x7100070e40	thumb_066	F
0x7100070ec0	thumb_067	F
0x7100070f40	thumb_068	F
0x7100070fc0	thumb_069	F
0x7100071040	thumb_06a	F
0x71000710c0	thumb_06b	F
0x7100071140	thumb_06c	F
0x71000711c0	thumb_06d	F
0x7100071240	thumb_06e	F
0x71000712c0	thumb_06f	F
0x7100071340	thumb_070	F
0x7100071380	thumb_071	F
0x71000713d0	thumb_072	F
0x7100071420	thumb_073	F
0x7100071470	thumb_074	F
0x71000714c0	thumb_075	F
0x7100071510	thumb_076	F
0x7100071560	thumb_077	F
0x71000715b0	thumb_078	F
0x71000715f0	thumb_079	F
0x7100071640	thumb_07a	F
0x71000716a0	thumb_07b	F
0x7100071700	thumb_07c	F
0x7100071760	thumb_07d	F
0x71000717c0	thumb_07e	F
0x7100071820	thumb_07f	F
0x7100071880	thumb_080_x4	F
0x71000718b0	thumb_084_x4	F
0x71000718e0	thumb_088_x4	F
0x7100071910	thumb_08c_x4	F
0x7100071940	thumb_090_x4	F
0x7100071970	thumb_094_x4	F
0x71000719a0	thumb_098_x4	F
0x71000719d0	thumb_09c_x4	F
0x7100071a00	thumb_0a0_x4	F
0x7100071a40	thumb_0a4_x4	F
0x7100071a80	thumb_0a8_x4	F
0x7100071ac0	thumb_0ac_x4	F
0x7100071b00	thumb_0b0_x4	F
0x7100071b40	thumb_0b4_x4	F
0x7100071b80	thumb_0b8_x4	F
0x7100071bc0	thumb_0bc_x4	F
0x7100071c00	thumb_0c0_x4	F
0x7100071c40	thumb_0c4_x4	F
0x7100071c80	thumb_0c8_x4	F
0x7100071cc0	thumb_0cc_x4	F
0x7100071d00	thumb_0d0_x4	F
0x7100071d40	thumb_0d4_x4	F
0x7100071d80	thumb_0d8_x4	F
0x7100071dc0	thumb_0dc_x4	F
0x7100071e00	thumb_0e0_x4	F
0x7100071e50	thumb_0e4_x4	F
0x7100071ea0	thumb_0e8_x4	F
0x7100071ef0	thumb_0ec_x4	F
0x7100071f40	thumb_0f0_x4	F
0x7100071f90	thumb_0f4_x4	F
0x7100071fe0	thumb_0f8_x4	F
0x7100072030	thumb_0fc_x4	F
0x7100072080	thumb_100	F
0x71000720c0	thumb_101	F
0x7100072100	thumb_102	F
0x7100072250	thumb_103	F
0x71000723a0	thumb_104	F
0x71000724f0	thumb_105	F
0x7100072570	thumb_106	F
0x7100072600	thumb_107	F
0x71000726f0	thumb_108	F
0x7100072730	thumb_109	F
0x7100072790	thumb_10a	F
0x7100072800	thumb_10b	F
0x7100072870	thumb_10c	F
0x71000728b0	thumb_10d	F
0x71000729d0	thumb_10e	F
0x7100072a10	thumb_10f	F
0x7100072a50	thumb_110_x85	F
0x7100072b00	thumb_111	F
0x7100072b30	thumb_112	F
0x7100072cc0	thumb_113	F
0x7100072e50	thumb_115	F
0x7100072ed0	thumb_116	F
0x7100072f50	thumb_117	F
0x7100072fd0	thumb_119	F
0x7100072ff0	thumb_11a	F
0x7100073170	thumb_11b	F
0x71000732f0	thumb_11c_x2	F
0x7100073440	thumb_120_x32	F
0x7100073590	thumb_140_x8	F
0x71000736c0	thumb_148_x8	F
0x7100073800	thumb_150_x8	F
0x7100073940	thumb_158_x8	F
0x7100073a80	thumb_160_x8	F
0x7100073bc0	thumb_168_x8	F
0x7100073d00	thumb_170_x8	F
0x7100073e40	thumb_178_x8	F
0x7100073f90	thumb_180_x32	F
0x71000740c0	thumb_1a0_x32	F
0x7100074200	thumb_1c0_x32	F
0x7100074330	thumb_1e0_x32	F
0x7100074470	thumb_200_x32	F
0x71000745b0	thumb_220_x32	F
0x71000746f0	thumb_240_x32	F
0x7100074820	thumb_260_x32	F
0x7100074970	thumb_280_x32	F
0x71000749a0	thumb_2a0_x32	F
0x71000749c0	thumb_2c0_x4	F
0x71000749e0	thumb_2d0_x4	F
0x7100074fa0	thumb_2d4_x4	F
0x7100075600	thumb_2f0_x4	F
0x7100075bc0	thumb_2f4_x4	F
0x7100076210	thumb_300_x32	F
0x7100076810	thumb_320_x32	F
0x7100076df0	thumb_340_x4	F
0x7100076f60	thumb_344_x4	F
0x71000770d0	thumb_348_x4	F
0x7100077240	thumb_34c_x4	F
0x71000773b0	thumb_350_x4	F
0x7100077520	thumb_354_x4	F
0x7100077690	thumb_358_x4	F
0x7100077800	thumb_35c_x4	F
0x7100077970	thumb_360_x4	F
0x7100077af0	thumb_364_x4	F
0x7100077c70	thumb_368_x4	F
0x7100077df0	thumb_36c_x4	F
0x7100077f70	thumb_370_x4	F
0x7100078100	thumb_374_x4	F
0x7100078290	thumb_37c_x4	F
0x71000782c0	thumb_380_x32	F
0x7100078430	thumb_3c0_x16	F
0x71000784e0	thumb_3d0_x16	F
0x7100078590	thumb_3e0_x32	F
