0x710008e870	op_00_NOP_or_illegal	F	shared by 00,D3,DB,DD,E3,E4,EB,EC,ED,F4,FC,FD
0x710008eb60	op_01_LD_BC_nn	F
0x710008eba0	op_02_LD_mBC_A	F
0x710008ebe0	op_03_INC_BC	F
0x710008ec10	op_04_INC_B	F
0x710008ec70	op_05_DEC_B	F
0x710008ecd0	op_06_LD_B_n	F
0x710008ed10	op_07_RLCA	F
0x710008ed50	op_08_LD_mnn_SP	F
0x710008eda0	op_09_ADD_HL_BC	F
0x710008ee00	op_0A_LD_A_mBC	F
0x710008ee40	op_0B_DEC_BC	F
0x710008ee70	op_0C_INC_C	F
0x710008eed0	op_0D_DEC_C	F
0x710008ef30	op_0E_LD_C_n	F
0x710008ef70	op_0F_RRCA	F
0x710008efb0	op_10_STOP	F
0x710008f060	op_11_LD_DE_nn	F
0x710008f0a0	op_12_LD_mDE_A	F
0x710008f0e0	op_13_INC_DE	F
0x710008f110	op_14_INC_D	F
0x710008f170	op_15_DEC_D	F
0x710008f1d0	op_16_LD_D_n	F
0x710008f210	op_17_RLA	F
0x7100093e00	op_18_JR_e	F
0x710008f250	op_19_ADD_HL_DE	F
0x710008e8b0	op_1A_LD_A_mDE	F
0x710008f300	op_1B_DEC_DE	F
0x710008f330	op_1C_INC_E	F
0x710008f390	op_1D_DEC_E	F
0x7100093ac0	op_1E_LD_E_n	F
0x710008f3f0	op_1F_RRA	F
0x710008f430	op_20_JR_NZ_e	F
0x710008f4a0	op_21_LD_HL_nn	F
0x710008fa60	op_22_LD_mHLi_A	F
0x710008f530	op_23_INC_HL	F
0x710008f560	op_24_INC_H	F
0x710008f5c0	op_25_DEC_H	F
0x710008f620	op_26_LD_H_n	F
0x710008f660	op_27_DAA	F
0x710008f700	op_28_JR_Z_e	F
0x710008f760	op_29_ADD_HL_HL	F
0x710008f7c0	op_2A_LD_A_mHLi	F
0x710008f800	op_2B_DEC_HL	F
0x710008f830	op_2C_INC_L	F
0x710008f890	op_2D_DEC_L	F
0x710008f8f0	op_2E_LD_L_n	F
0x710008f930	op_2F_CPL	F
0x710008f970	op_30_JR_NC_e	F
0x710008f9e0	op_31_LD_SP_nn	F
0x710008fa20	op_32_LD_mHLd_A	F
0x710008faa0	op_33_INC_SP	F
0x710008fad0	op_34_INC_mHL	F
0x710008fb40	op_35_DEC_mHL	F
0x710008f4e0	op_36_LD_mHL_n	F
0x710008fbb0	op_37_SCF	F
0x710008fbe0	op_38_JR_C_e	F
0x710008fd10	op_39_ADD_HL_SP	F
0x710008fd70	op_3A_LD_A_mHLd	F
0x710008fdb0	op_3B_DEC_SP	F
0x710008ff00	op_3C_INC_A	F
0x710008ff60	op_3D_DEC_A	F
0x710008ffc0	op_3E_LD_A_n	F
0x7100090000	op_3F_CCF	F
0x7100090030	op_40_LD_B_B	F
0x7100090050	op_41_LD_B_C	F
0x7100090080	op_42_LD_B_D	F
0x71000900b0	op_43_LD_B_E	F
0x71000900e0	op_44_LD_B_H	F
0x7100090110	op_45_LD_B_L	F
0x7100090140	op_46_LD_B_mHL	F
0x7100090180	op_47_LD_B_A	F
0x71000901b0	op_48_LD_C_B	F
0x71000901e0	op_49_LD_C_C	F
0x7100090200	op_4A_LD_C_D	F
0x7100090230	op_4B_LD_C_E	F
0x7100090260	op_4C_LD_C_H	F
0x7100090290	op_4D_LD_C_L	F
0x71000902c0	op_4E_LD_C_mHL	F
0x7100090300	op_4F_LD_C_A	F
0x7100090430	op_50_LD_D_B	F
0x7100090460	op_51_LD_D_C	F
0x7100090490	op_52_LD_D_D	F
0x71000904b0	op_53_LD_D_E	F
0x71000904e0	op_54_LD_D_H	F
0x7100090510	op_55_LD_D_L	F
0x7100090540	op_56_LD_D_mHL	F
0x7100090580	op_57_LD_D_A	F
0x71000905b0	op_58_LD_E_B	F
0x71000905e0	op_59_LD_E_C	F
0x7100090610	op_5A_LD_E_D	F
0x7100090640	op_5B_LD_E_E	F
0x7100090660	op_5C_LD_E_H	F
0x7100090690	op_5D_LD_E_L	F
0x71000906c0	op_5E_LD_E_mHL	F
0x7100090700	op_5F_LD_E_A	F
0x7100090730	op_60_LD_H_B	F
0x7100090760	op_61_LD_H_C	F
0x7100090790	op_62_LD_H_D	F
0x71000907c0	op_63_LD_H_E	F
0x71000907f0	op_64_LD_H_H	F
0x7100090810	op_65_LD_H_L	F
0x7100090840	op_66_LD_H_mHL	F
0x7100090880	op_67_LD_H_A	F
0x71000908b0	op_68_LD_L_B	F
0x71000908e0	op_69_LD_L_C	F
0x7100090910	op_6A_LD_L_D	F
0x7100090940	op_6B_LD_L_E	F
0x7100090970	op_6C_LD_L_H	F
0x71000909a0	op_6D_LD_L_L	F
0x71000909c0	op_6E_LD_L_mHL	F
0x7100090a00	op_6F_LD_L_A	F
0x7100090a30	op_70_LD_mHL_B	F
0x7100090a70	op_71_LD_mHL_C	F
0x7100090ab0	op_72_LD_mHL_D	F
0x7100090af0	op_73_LD_mHL_E	F
0x7100090b30	op_74_LD_mHL_H	F
0x7100090b70	op_75_LD_mHL_L	F
0x7100090bb0	op_76_HALT	F
0x7100090be0	op_77_LD_mHL_A	F
0x7100090c20	op_78_LD_A_B	F
0x7100090c50	op_79_LD_A_C	F
0x7100090c80	op_7A_LD_A_D	F
0x7100090cb0	op_7B_LD_A_E	F
0x7100090d30	op_7C_LD_A_H	F
0x7100090d60	op_7D_LD_A_L	F
0x7100090d90	op_7E_LD_A_mHL	F
0x7100090dd0	op_7F_LD_A_A	F
0x7100090df0	op_80_ADD_A_B	F
0x7100090e60	op_81_ADD_A_C	F
0x7100090ed0	op_82_ADD_A_D	F
0x7100090f40	op_83_ADD_A_E	F
0x7100090fb0	op_84_ADD_A_H	F
0x7100091020	op_85_ADD_A_L	F
0x7100091090	op_86_ADD_A_mHL	F
0x7100091110	op_87_ADD_A_A	F
0x7100091170	op_88_ADC_A_B	F
0x71000911e0	op_89_ADC_A_C	F
0x7100091250	op_8A_ADC_A_D	F
0x71000912c0	op_8B_ADC_A_E	F
0x7100091330	op_8C_ADC_A_H	F
0x71000913a0	op_8D_ADC_A_L	F
0x7100091410	op_8E_ADC_A_mHL	F
0x7100091480	op_8F_ADC_A_A	F
0x71000914e0	op_90_SUB_B	F
0x7100091540	op_91_SUB_C	F
0x71000915a0	op_92_SUB_D	F
0x7100091600	op_93_SUB_E	F
0x7100091660	op_94_SUB_H	F
0x71000916c0	op_95_SUB_L	F
0x7100091720	op_96_SUB_mHL	F
0x7100091790	op_97_SUB_A	F
0x71000917c0	op_98_SBC_A_B	F
0x71000918c0	op_99_SBC_A_C	F
0x7100091930	op_9A_SBC_A_D	F
0x71000919a0	op_9B_SBC_A_E	F
0x7100091ae0	op_9C_SBC_A_H	F
0x7100091a70	op_9D_SBC_A_L	F
0x7100091b50	op_9E_SBC_A_mHL	F
0x7100091a10	op_9F_SBC_A_A	F
0x7100094490	op_A0_AND_B	F
0x71000943a0	op_A1_AND_C	F
0x71000943f0	op_A2_AND_D	F
0x7100094440	op_A3_AND_E	F
0x71000942b0	op_A4_AND_H	F
0x7100094300	op_A5_AND_L	F
0x7100094350	op_A6_AND_mHL	F
0x71000944e0	op_A7_AND_A	F
0x7100092030	op_A8_XOR_B	F
0x7100092070	op_A9_XOR_C	F
0x71000920b0	op_AA_XOR_D	F
0x71000920f0	op_AB_XOR_E	F
0x7100091fa0	op_AC_XOR_H	F
0x7100091f60	op_AD_XOR_L	F
0x7100091fe0	op_AE_XOR_mHL	F
0x7100091f30	op_AF_XOR_A	F
0x7100093f60	op_B0_OR_B	F
0x7100093fa0	op_B1_OR_C	F
0x7100093fe0	op_B2_OR_D	F
0x7100094020	op_B3_OR_E	F
0x71000940a0	op_B4_OR_H	F
0x7100094060	op_B5_OR_L	F
0x7100094120	op_B6_OR_mHL	F
0x71000940e0	op_B7_OR_A	F
0x7100091cc0	op_B8_CP_B	F
0x7100091d20	op_B9_CP_C	F
0x7100091d80	op_BA_CP_D	F
0x7100091de0	op_BB_CP_E	F
0x7100091e40	op_BC_CP_H	F
0x7100091ea0	op_BD_CP_L	F
0x7100091bd0	op_BE_CP_mHL	F
0x7100091f00	op_BF_CP_A	F
0x7100094520	op_C0_RET_NZ	F
0x7100093cb0	op_C1_POP_BC	F
0x7100094700	op_C2_JP_NZ_nn	F
0x7100093e50	op_C3_JP_nn	F
0x71000941a0	op_C4_CALL_NZ_nn	F
0x7100090330	op_C5_PUSH_BC	F
0x71000947e0	op_C6_ADD_A_n	F
0x710008ea30	op_C7_RST_00	F
0x7100094640	op_C8_RET_Z	F
0x7100093dc0	op_C9_RET	F
0x71000946a0	op_CA_JP_Z_nn	F
0x7100092190	op_CB_CB_prefix	F
0x7100093b60	op_CC_CALL_Z_nn	F
0x7100093b00	op_CD_CALL_nn	F
0x7100094760	op_CE_ADC_A_n	F
0x710008e8f0	op_CF_RST_08	F
0x7100094580	op_D0_RET_NC	F
0x7100093cf0	op_D1_POP_DE	F
0x710008fc50	op_D2_JP_NC_nn	F
0x7100093bd0	op_D4_CALL_NC_nn	F
0x71000903f0	op_D5_PUSH_DE	F
0x7100094860	op_D6_SUB_n	F
0x710008ea70	op_D7_RST_10	F
0x71000945e0	op_D8_RET_C	F
0x7100093e40	op_D9_RETI	F
0x710008fcb0	op_DA_JP_C_nn	F
0x7100093c40	op_DC_CALL_C_nn	F
0x7100091830	op_DE_SBC_A_n	F
0x710008e990	op_DF_RST_18	F
0x7100093a20	op_E0_LDH_mn_A	F
0x7100093d80	op_E1_POP_HL	F
0x71000939e0	op_E2_LD_mFFC_A	F
0x71000903b0	op_E5_PUSH_HL	F
0x7100093f00	op_E6_AND_n	F
0x710008eac0	op_E7_RST_20	F
0x710008fde0	op_E8_ADD_SP_e	F
0x7100093e90	op_E9_JP_HL	F
0x7100090ce0	op_EA_LD_mnn_A	F
0x7100092130	op_EE_XOR_n	F
0x710008e940	op_EF_RST_28	F
0x7100093a70	op_F0_LDH_A_mn	F
0x7100093d30	op_F1_POP_AF	F
0x710008fec0	op_F2_LD_A_mFFC	F
0x7100093ec0	op_F3_DI	F
0x7100090370	op_F5_PUSH_AF	F
0x7100094210	op_F6_OR_n	F
0x710008eb10	op_F7_RST_30	F
0x710008fe50	op_F8_LD_HL_SPe	F
0x7100094170	op_F9_LD_SP_HL	F
0x710008f2b0	op_FA_LD_A_mnn	F
0x7100094270	op_FB_EI	F
0x7100091c40	op_FE_CP_n	F
0x710008e9e0	op_FF_RST_38	F
