addr	name	size	callers	callees
7100000190	FUN_7100000190	36	0	1
7100000250	FUN_7100000250	136	18	0
71000002e0	__nnDetailNintendoSdkRuntimeObjectFileRefer	4	0	0
71000002f0	FUN_71000002f0	204	2	2
71000003c0	nndetailRoGetRoDataStart	12	0	0
71000003d0	nndetailRoGetRoDataEnd	12	0	0
71000003e0	__nnDetailNintendoSdkRuntimeObjectFile	4	0	0
71000003f0	FUN_71000003f0	364	1	7
7100000560	FUN_7100000560	260	1	3
7100000670	FUN_7100000670	240	1	6
7100000760	FUN_7100000760	252	2	1
7100000860	FUN_7100000860	560	1	5
7100000a90	CPULoadRom	324	1	3
7100000be0	doMirroring	92	1	1
7100000c40	FUN_7100000c40	3996	4	4
7100001be0	FUN_7100001be0	504	1	4
7100001de0	FUN_7100001de0	392	55	3
7100001f70	FUN_7100001f70	528	54	2
7100002180	FUN_7100002180	360	16	4
71000022f0	FUN_71000022f0	808	29	3
7100002620	FUN_7100002620	1052	2	1
7100002a40	CPUInit	1468	1	4
7100003000	CPUIsGBABios	208	0	3
71000030d0	CPUReset	1996	1	6
71000038a0	FUN_71000038a0	2132	2	4
7100004100	FUN_7100004100	132	1	0
7100004190	CPULoop	9876	1	6
7100006830	FUN_7100006830	256	1	0
7100006930	FUN_7100006930	548	34	4
7100006b60	arm_000_x2	744	0	0
7100006e50	arm_001	808	0	0
7100007180	arm_002_x2	760	0	0
7100007480	arm_003	808	0	0
71000077b0	arm_004_x2	756	0	0
7100007ab0	arm_005	764	0	0
7100007db0	arm_006_x2	792	0	0
71000080d0	arm_007	760	0	0
71000083d0	arm_009	276	0	0
71000084f0	arm_00b	324	0	1
7100008640	arm_00d_x1157	164	0	1
71000086f0	arm_010_x2	896	0	1
7100008a70	arm_011	956	0	1
7100008e30	arm_012_x2	884	0	1
71000091b0	arm_013	956	0	1
7100009570	arm_014_x2	884	0	1
71000098f0	arm_015	920	0	1
7100009c90	arm_016_x2	908	0	1
710000a020	arm_017	924	0	1
710000a3c0	arm_019	300	0	0
710000a4f0	arm_01b	572	0	1
710000a730	arm_01d_x2	576	0	1
710000a970	arm_01f_x2	588	0	1
710000abc0	arm_020_x2	744	0	0
710000aeb0	arm_021	808	0	0
710000b1e0	arm_022_x2	760	0	0
710000b4e0	arm_023	808	0	0
710000b810	arm_024_x2	756	0	0
710000bb10	arm_025	764	0	0
710000be10	arm_026_x2	792	0	0
710000c130	arm_027	760	0	0
710000c430	arm_029	284	0	0
710000c550	arm_030_x2	896	0	1
710000c8d0	arm_031	956	0	1
710000cc90	arm_032_x2	884	0	1
710000d010	arm_033	956	0	1
710000d3d0	arm_034_x2	884	0	1
710000d750	arm_035	920	0	1
710000daf0	arm_036_x2	908	0	1
710000de80	arm_037	924	0	1
710000e220	arm_039	308	0	0
710000e360	arm_040_x2	744	0	0
710000e650	arm_041	808	0	0
710000e980	arm_042_x2	760	0	0
710000ec80	arm_043	808	0	0
710000efb0	arm_044_x2	756	0	0
710000f2b0	arm_045	764	0	0
710000f5b0	arm_046_x2	792	0	0
710000f8d0	arm_047	760	0	0
710000fbd0	arm_04b	328	0	1
710000fd20	arm_050_x2	888	0	1
71000100a0	arm_051	952	0	1
7100010460	arm_052_x2	904	0	1
71000107f0	arm_053	952	0	1
7100010bb0	arm_054_x2	900	0	1
7100010f40	arm_055	908	0	1
71000112d0	arm_056_x2	936	0	1
7100011680	arm_057	904	0	1
7100011a10	arm_05b	580	0	1
7100011c60	arm_05d_x2	584	0	1
7100011eb0	arm_05f_x2	596	0	1
7100012110	arm_060_x2	744	0	0
7100012400	arm_061	808	0	0
7100012730	arm_062_x2	760	0	0
7100012a30	arm_063	808	0	0
7100012d60	arm_064_x2	756	0	0
7100013060	arm_065	764	0	0
7100013360	arm_066_x2	792	0	0
7100013680	arm_067	760	0	0
7100013980	arm_070_x2	888	0	1
7100013d00	arm_071	952	0	1
71000140c0	arm_072_x2	904	0	1
7100014450	arm_073	952	0	1
7100014810	arm_074_x2	900	0	1
7100014ba0	arm_075	908	0	1
7100014f30	arm_076_x2	936	0	1
71000152e0	arm_077	904	0	1
7100015670	arm_080_x2	744	0	0
7100015960	arm_081	808	0	0
7100015c90	arm_082_x2	760	0	0
7100015f90	arm_083	808	0	0
71000162c0	arm_084_x2	756	0	0
71000165c0	arm_085	764	0	0
71000168c0	arm_086_x2	792	0	0
7100016be0	arm_087	760	0	0
7100016ee0	arm_089	288	0	0
7100017000	arm_08b	324	0	1
7100017150	arm_090_x2	888	0	1
71000174d0	arm_091	952	0	1
7100017890	arm_092_x2	904	0	1
7100017c20	arm_093	952	0	1
7100017fe0	arm_094_x2	900	0	1
7100018370	arm_095	908	0	1
7100018700	arm_096_x2	936	0	1
7100018ab0	arm_097	904	0	1
7100018e40	arm_099	344	0	0
7100018fa0	arm_09b	572	0	1
71000191e0	arm_09d_x2	576	0	1
7100019420	arm_09f_x2	588	0	1
7100019670	arm_0a0_x2	756	0	0
7100019970	arm_0a1	820	0	0
7100019cb0	arm_0a2_x2	772	0	0
7100019fc0	arm_0a3	820	0	0
710001a300	arm_0a4_x2	768	0	0
710001a600	arm_0a5	776	0	0
710001a910	arm_0a6_x2	800	0	0
710001ac30	arm_0a7	780	0	0
710001af40	arm_0a9	308	0	0
710001b080	arm_0b0_x2	900	0	1
710001b410	arm_0b1	964	0	1
710001b7e0	arm_0b2_x2	916	0	1
710001bb80	arm_0b3	964	0	1
710001bf50	arm_0b4_x2	912	0	1
710001c2e0	arm_0b5	920	0	1
710001c680	arm_0b6_x2	944	0	1
710001ca30	arm_0b7	924	0	1
710001cdd0	arm_0b9	364	0	0
710001cf40	arm_0c0_x2	760	0	0
710001d240	arm_0c1	824	0	0
710001d580	arm_0c2_x2	780	0	0
710001d890	arm_0c3	824	0	0
710001dbd0	arm_0c4_x2	772	0	0
710001dee0	arm_0c5	780	0	0
710001e1f0	arm_0c6_x2	804	0	0
710001e520	arm_0c7	784	0	0
710001e830	arm_0c9	288	0	0
710001e950	arm_0cb	328	0	1
710001eaa0	arm_0d0_x2	904	0	1
710001ee30	arm_0d1	968	0	1
710001f200	arm_0d2_x2	920	0	1
710001f5a0	arm_0d3	968	0	1
710001f970	arm_0d4_x2	916	0	1
710001fd10	arm_0d5	924	0	1
71000200b0	arm_0d6_x2	948	0	1
7100020470	arm_0d7	928	0	1
7100020810	arm_0d9	344	0	0
7100020970	arm_0db	580	0	1
7100020bc0	arm_0dd_x2	584	0	1
7100020e10	arm_0df_x2	596	0	1
7100021070	arm_0e0_x2	760	0	0
7100021370	arm_0e1	824	0	0
71000216b0	arm_0e2_x2	776	0	0
71000219c0	arm_0e3	824	0	0
7100021d00	arm_0e4_x2	772	0	0
7100022010	arm_0e5	780	0	0
7100022320	arm_0e6_x2	804	0	0
7100022650	arm_0e7	784	0	0
7100022960	arm_0e9	308	0	0
7100022aa0	arm_0f0_x2	904	0	1
7100022e30	arm_0f1	968	0	1
7100023200	arm_0f2_x2	920	0	1
71000235a0	arm_0f3	968	0	1
7100023970	arm_0f4_x2	916	0	1
7100023d10	arm_0f5	924	0	1
71000240b0	arm_0f6_x2	948	0	1
7100024470	arm_0f7	928	0	1
7100024810	arm_0f9	364	0	0
7100024980	arm_100	168	0	0
7100024a28	FUN_7100024a28	164	0	1
7100024ad0	arm_109	312	0	2
7100024c10	arm_10b	308	0	1
7100024d50	arm_110_x2	828	0	0
7100025090	arm_111	880	0	0
7100025400	arm_112_x2	808	0	0
7100025730	arm_113	880	0	0
7100025aa0	arm_114_x2	808	0	0
7100025dd0	arm_115	840	0	0
7100026120	arm_116_x2	840	0	0
7100026470	arm_117	848	0	0
71000267c0	arm_11b	548	0	1
71000269f0	arm_11d	552	0	1
7100026c20	arm_11f	564	0	1
7100026e60	arm_120	676	0	1
7100027110	arm_121	500	0	1
7100027310	arm_12b	316	0	1
7100027450	arm_130_x2	828	0	0
7100027790	arm_131	880	0	0
7100027b00	arm_132_x2	808	0	0
7100027e30	arm_133	880	0	0
71000281a0	arm_134_x2	808	0	0
71000284d0	arm_135	852	0	0
7100028830	arm_136_x2	840	0	0
7100028b80	arm_137	848	0	0
7100028ed0	arm_13b	564	0	1
7100029110	arm_13d	568	0	1
7100029350	arm_13f	580	0	1
71000295a0	arm_140	40	0	0
71000295c8	FUN_71000295c8	164	0	1
7100029670	arm_149	316	0	2
71000297b0	arm_14b	312	0	1
71000298f0	arm_150_x2	816	0	0
7100029c20	arm_151	872	0	0
7100029f90	arm_152_x2	832	0	0
710002a2d0	arm_153	872	0	0
710002a640	arm_154_x2	828	0	0
710002a980	arm_155	836	0	0
710002acd0	arm_156_x2	864	0	0
710002b030	arm_157	840	0	0
710002b380	arm_15b	552	0	1
710002b5b0	arm_15d	556	0	1
710002b7e0	arm_15f	568	0	1
710002ba20	arm_160	148	0	0
710002ba78	FUN_710002ba78	164	0	1
710002bb60	arm_16b	320	0	1
710002bca0	arm_170_x2	816	0	0
710002bfd0	arm_171	872	0	0
710002c340	arm_172_x2	832	0	0
710002c680	arm_173	872	0	0
710002c9f0	arm_174_x2	828	0	0
710002cd30	arm_175	836	0	0
710002d080	arm_176_x2	864	0	0
710002d3e0	arm_177	840	0	0
710002d730	arm_17b	568	0	1
710002d970	arm_17d	572	0	1
710002dbb0	arm_17f	584	0	1
710002de00	arm_180_x2	744	0	0
710002e0f0	arm_181	808	0	0
710002e420	arm_182_x2	760	0	0
710002e720	arm_183	808	0	0
710002ea50	arm_184_x2	756	0	0
710002ed50	arm_185	764	0	0
710002f050	arm_186_x2	792	0	0
710002f370	arm_187	760	0	0
710002f670	arm_18b	308	0	1
710002f7b0	arm_190_x2	896	0	1
710002fb30	arm_191	956	0	1
710002fef0	arm_192_x2	884	0	1
7100030270	arm_193	956	0	1
7100030630	arm_194_x2	884	0	1
71000309b0	arm_195	920	0	1
7100030d50	arm_196_x2	908	0	1
71000310e0	arm_197	924	0	1
7100031480	arm_19b	548	0	1
71000316b0	arm_19d	552	0	1
71000318e0	arm_19f	564	0	1
7100031b20	arm_1a0_x2	732	0	0
7100031e00	arm_1a1	792	0	0
7100032120	arm_1a2_x2	752	0	0
7100032410	arm_1a3	792	0	0
7100032730	arm_1a4_x2	744	0	0
7100032a20	arm_1a5	752	0	0
7100032d10	arm_1a6_x2	784	0	0
7100033020	arm_1a7	760	0	0
7100033320	arm_1ab	316	0	1
7100033460	arm_1b0_x2	888	0	1
71000337e0	arm_1b1	988	0	1
7100033bc0	arm_1b2_x2	868	0	1
7100033f30	arm_1b3	988	0	1
7100034310	arm_1b4_x2	868	0	1
7100034680	arm_1b5	932	0	1
7100034a30	arm_1b6_x2	900	0	1
7100034dc0	arm_1b7	924	0	1
7100035160	arm_1bb	564	0	1
71000353a0	arm_1bd	568	0	1
71000355e0	arm_1bf	580	0	1
7100035830	arm_1c0_x2	744	0	0
7100035b20	arm_1c1	808	0	0
7100035e50	arm_1c2_x2	772	0	0
7100036160	arm_1c3	808	0	0
7100036490	arm_1c4_x2	756	0	0
7100036790	arm_1c5	764	0	0
7100036a90	arm_1c6_x2	792	0	0
7100036db0	arm_1c7	760	0	0
71000370b0	arm_1cb	312	0	1
71000371f0	arm_1d0_x2	896	0	1
7100037570	arm_1d1	956	0	1
7100037930	arm_1d2_x2	888	0	1
7100037cb0	arm_1d3	956	0	1
7100038070	arm_1d4_x2	884	0	1
71000383f0	arm_1d5	920	0	1
7100038790	arm_1d6_x2	908	0	1
7100038b20	arm_1d7	924	0	1
7100038ec0	arm_1db	552	0	1
71000390f0	arm_1dd	556	0	1
7100039320	arm_1df	568	0	1
7100039560	arm_1e0_x2	736	0	0
7100039840	arm_1e1	796	0	0
7100039b60	arm_1e2_x2	764	0	0
7100039e60	arm_1e3	796	0	0
710003a180	arm_1e4_x2	748	0	0
710003a470	arm_1e5	756	0	0
710003a770	arm_1e6_x2	788	0	0
710003aa90	arm_1e7	764	0	0
710003ad90	arm_1eb	320	0	1
710003aed0	arm_1f0_x2	892	0	1
710003b250	arm_1f1	944	0	1
710003b600	arm_1f2_x2	872	0	1
710003b970	arm_1f3	944	0	1
710003bd20	arm_1f4_x2	872	0	1
710003c090	arm_1f5	904	0	1
710003c420	arm_1f6_x2	904	0	1
710003c7b0	arm_1f7	912	0	1
710003cb40	arm_1fb	568	0	1
710003cd80	arm_1fd	572	0	1
710003cfc0	arm_1ff	584	0	1
710003d210	arm_200_x16	744	0	0
710003d500	arm_210_x16	880	0	1
710003d870	arm_220_x16	744	0	0
710003db60	arm_230_x16	880	0	1
710003ded0	arm_240_x16	744	0	0
710003e1c0	arm_250_x16	888	0	1
710003e540	arm_260_x16	744	0	0
710003e830	arm_270_x16	888	0	1
710003ebb0	arm_280_x16	744	0	0
710003eea0	arm_290_x16	888	0	1
710003f220	arm_2a0_x16	756	0	0
710003f520	arm_2b0_x16	900	0	1
710003f8b0	arm_2c0_x16	760	0	0
710003fbb0	arm_2d0_x16	904	0	1
710003ff40	arm_2e0_x16	760	0	0
7100040240	arm_2f0_x16	904	0	1
71000405d0	arm_310_x16	812	0	0
7100040900	arm_320_x16	680	0	1
7100040bb0	arm_330_x16	812	0	0
7100040ee0	arm_350_x16	816	0	0
7100041210	arm_360_x16	144	0	0
7100041264	FUN_7100041264	164	0	1
7100041350	arm_370_x16	816	0	0
7100041680	arm_380_x16	744	0	0
7100041970	arm_390_x16	880	0	1
7100041ce0	arm_3a0_x16	736	0	0
7100041fc0	arm_3b0_x16	872	0	1
7100042330	arm_3c0_x16	744	0	0
7100042620	arm_3d0_x16	880	0	1
7100042990	arm_3e0_x16	740	0	0
7100042c80	arm_3f0_x16	876	0	1
7100042ff0	arm_400_x32	316	0	1
7100043130	arm_410_x32	572	0	1
7100043370	arm_440_x32	320	0	1
71000434b0	arm_450_x32	576	0	1
71000436f0	arm_480_x32	316	0	1
7100043830	arm_490_x32	572	0	1
7100043a70	arm_4c0_x32	320	0	1
7100043bb0	arm_4d0_x32	576	0	1
7100043df0	arm_500_x16	300	0	1
7100043f20	arm_510_x16	544	0	1
7100044140	arm_520_x16	308	0	1
7100044280	arm_530_x16	560	0	1
71000444b0	arm_540_x16	304	0	1
71000445e0	arm_550_x16	548	0	1
7100044810	arm_560_x16	312	0	1
7100044950	arm_570_x16	564	0	1
7100044b90	arm_580_x16	300	0	1
7100044cc0	arm_590_x16	544	0	1
7100044ee0	arm_5a0_x16	308	0	1
7100045020	arm_5b0_x16	560	0	1
7100045250	arm_5c0_x16	304	0	1
7100045380	arm_5d0_x16	548	0	1
71000455b0	arm_5e0_x16	312	0	1
71000456f0	arm_5f0_x16	564	0	1
7100045930	arm_600_x4	328	0	1
7100045a80	arm_602_x4	368	0	1
7100045bf0	arm_604_x4	340	0	1
7100045d50	arm_606_x4	360	0	1
7100045ec0	arm_610_x4	584	0	1
7100046110	arm_612_x4	620	0	1
7100046380	arm_614_x4	596	0	1
71000465e0	arm_616_x4	604	0	1
7100046840	arm_640_x4	332	0	1
7100046990	arm_642_x4	372	0	1
7100046b10	arm_644_x4	344	0	1
7100046c70	arm_646_x4	364	0	1
7100046de0	arm_650_x4	588	0	1
7100047030	arm_652_x4	624	0	1
71000472a0	arm_654_x4	600	0	1
7100047500	arm_656_x4	608	0	1
7100047760	arm_680_x4	328	0	1
71000478b0	arm_682_x4	368	0	1
7100047a20	arm_684_x4	340	0	1
7100047b80	arm_686_x4	360	0	1
7100047cf0	arm_690_x4	584	0	1
7100047f40	arm_692_x4	620	0	1
71000481b0	arm_694_x4	596	0	1
7100048410	arm_696_x4	604	0	1
7100048670	arm_6c0_x4	332	0	1
71000487c0	arm_6c2_x4	372	0	1
7100048940	arm_6c4_x4	344	0	1
7100048aa0	arm_6c6_x4	364	0	1
7100048c10	arm_6d0_x4	588	0	1
7100048e60	arm_6d2_x4	624	0	1
71000490d0	arm_6d4_x4	600	0	1
7100049330	arm_6d6_x4	608	0	1
7100049590	arm_700_x2	312	0	1
71000496d0	arm_702_x2	328	0	1
7100049820	arm_704_x2	324	0	1
7100049970	arm_706_x2	344	0	1
7100049ad0	arm_710_x2	556	0	1
7100049d00	arm_712_x2	572	0	1
7100049f40	arm_714_x2	568	0	1
710004a180	arm_716_x2	588	0	1
710004a3d0	arm_720_x2	320	0	1
710004a510	arm_722_x2	336	0	1
710004a660	arm_724_x2	332	0	1
710004a7b0	arm_726_x2	352	0	1
710004a910	arm_730_x2	572	0	1
710004ab50	arm_732_x2	588	0	1
710004ada0	arm_734_x2	584	0	1
710004aff0	arm_736_x2	604	0	1
710004b250	arm_740_x2	316	0	1
710004b390	arm_742_x2	332	0	1
710004b4e0	arm_744_x2	328	0	1
710004b630	arm_746_x2	348	0	1
710004b790	arm_750_x2	560	0	1
710004b9c0	arm_752_x2	576	0	1
710004bc00	arm_754_x2	572	0	1
710004be40	arm_756_x2	592	0	1
710004c090	arm_760_x2	324	0	1
710004c1e0	arm_762_x2	340	0	1
710004c340	arm_764_x2	336	0	1
710004c490	arm_766_x2	356	0	1
710004c600	arm_770_x2	576	0	1
710004c840	arm_772_x2	592	0	1
710004ca90	arm_774_x2	588	0	1
710004cce0	arm_776_x2	608	0	1
710004cf40	arm_780_x2	312	0	1
710004d080	arm_782_x2	328	0	1
710004d1d0	arm_784_x2	324	0	1
710004d320	arm_786_x2	344	0	1
710004d480	arm_790_x2	556	0	1
710004d6b0	arm_792_x2	572	0	1
710004d8f0	arm_794_x2	568	0	1
710004db30	arm_796_x2	588	0	1
710004dd80	arm_7a0_x2	320	0	1
710004dec0	arm_7a2_x2	336	0	1
710004e010	arm_7a4_x2	332	0	1
710004e160	arm_7a6_x2	352	0	1
710004e2c0	arm_7b0_x2	572	0	1
710004e500	arm_7b2_x2	588	0	1
710004e750	arm_7b4_x2	584	0	1
710004e9a0	arm_7b6_x2	604	0	1
710004ec00	arm_7c0_x2	316	0	1
710004ed40	arm_7c2_x2	332	0	1
710004ee90	arm_7c4_x2	328	0	1
710004efe0	arm_7c6_x2	348	0	1
710004f140	arm_7d0_x2	560	0	1
710004f370	arm_7d2_x2	576	0	1
710004f5b0	arm_7d4_x2	572	0	1
710004f7f0	arm_7d6_x2	592	0	1
710004fa40	arm_7e0_x2	324	0	1
710004fb90	arm_7e2_x2	340	0	1
710004fcf0	arm_7e4_x2	336	0	1
710004fe40	arm_7e6_x2	356	0	1
710004ffb0	arm_7f0_x2	576	0	1
71000501f0	arm_7f2_x2	592	0	1
7100050440	arm_7f4_x2	588	0	1
7100050690	arm_7f6_x2	608	0	1
71000508f0	arm_800_x16	2740	0	1
71000513b0	arm_810_x16	2972	0	1
7100051f50	arm_820_x16	2812	0	1
7100052a50	arm_830_x16	3004	0	1
7100053610	arm_840_x16	3588	0	1
7100054420	arm_850_x16	5112	0	2
7100055820	arm_860_x16	3684	0	1
7100056690	arm_870_x16	5116	0	2
7100057a90	arm_880_x16	2708	0	1
7100058530	arm_890_x16	2940	0	1
71000590b0	arm_8a0_x16	2808	0	1
7100059bb0	arm_8b0_x16	3008	0	1
710005a770	arm_8c0_x16	3556	0	1
710005b560	arm_8d0_x16	5080	0	2
710005c940	arm_8e0_x16	3680	0	1
710005d7a0	arm_8f0_x16	5120	0	2
710005eba0	arm_900_x16	2736	0	1
710005f650	arm_910_x16	2968	0	1
71000601f0	arm_920_x16	2808	0	1
7100060cf0	arm_930_x16	3000	0	1
71000618b0	arm_940_x16	3584	0	1
71000626b0	arm_950_x16	5108	0	2
7100063ab0	arm_960_x16	3680	0	1
7100064910	arm_970_x16	5112	0	2
7100065d10	arm_980_x16	2712	0	1
71000667b0	arm_990_x16	2944	0	1
7100067330	arm_9a0_x16	2812	0	1
7100067e30	arm_9b0_x16	3012	0	1
7100068a00	arm_9c0_x16	3560	0	1
71000697f0	arm_9d0_x16	5084	0	2
710006abd0	arm_9e0_x16	3684	0	1
710006ba40	arm_9f0_x16	5124	0	2
710006ce50	arm_a00_x256	404	0	0
710006cff0	arm_b00_x256	412	0	0
710006d190	arm_f00_x256	308	0	1
710006d2d0	FUN_710006d2d0	1004	127	0
710006d6c0	FUN_710006d6c0	456	47	1
710006d810	caseD_d	16	0	1
710006d8a0	FUN_710006d8a0	6708	2	10
710006f2e0	thumb_000	52	0	0
710006f320	thumb_001	64	0	0
710006f360	thumb_002	64	0	0
710006f3a0	thumb_003	64	0	0
710006f3e0	thumb_004	64	0	0
710006f420	thumb_005	64	0	0
710006f460	thumb_006	64	0	0
710006f4a0	thumb_007	64	0	0
710006f4e0	thumb_008	64	0	0
710006f520	thumb_009	64	0	0
710006f560	thumb_00a	64	0	0
710006f5a0	thumb_00b	64	0	0
710006f5e0	thumb_00c	64	0	0
710006f620	thumb_00d	64	0	0
710006f660	thumb_00e	64	0	0
710006f6a0	thumb_00f	64	0	0
710006f6e0	thumb_010	64	0	0
710006f720	thumb_011	64	0	0
710006f760	thumb_012	64	0	0
710006f7a0	thumb_013	64	0	0
710006f7e0	thumb_014	64	0	0
710006f820	thumb_015	64	0	0
710006f860	thumb_016	64	0	0
710006f8a0	thumb_017	64	0	0
710006f8e0	thumb_018	64	0	0
710006f920	thumb_019	68	0	0
710006f970	thumb_01a	68	0	0
710006f9c0	thumb_01b	68	0	0
710006fa10	thumb_01c	68	0	0
710006fa60	thumb_01d	68	0	0
710006fab0	thumb_01e	68	0	0
710006fb00	thumb_01f	60	0	0
710006fb40	thumb_020	52	0	0
710006fb80	thumb_021	60	0	0
710006fbc0	thumb_022	60	0	0
710006fc00	thumb_023	60	0	0
710006fc40	thumb_024	60	0	0
710006fc80	thumb_025	60	0	0
710006fcc0	thumb_026	60	0	0
710006fd00	thumb_027	60	0	0
710006fd40	thumb_028	60	0	0
710006fd80	thumb_029	60	0	0
710006fdc0	thumb_02a	60	0	0
710006fe00	thumb_02b	60	0	0
710006fe40	thumb_02c	60	0	0
710006fe80	thumb_02d	60	0	0
710006fec0	thumb_02e	60	0	0
710006ff00	thumb_02f	60	0	0
710006ff40	thumb_030	60	0	0
710006ff80	thumb_031	60	0	0
710006ffc0	thumb_032	60	0	0
7100070000	thumb_033	60	0	0
7100070040	thumb_034	60	0	0
7100070080	thumb_035	60	0	0
71000700c0	thumb_036	60	0	0
7100070100	thumb_037	60	0	0
7100070140	thumb_038	60	0	0
7100070180	thumb_039	60	0	0
71000701c0	thumb_03a	60	0	0
7100070200	thumb_03b	60	0	0
7100070240	thumb_03c	60	0	0
7100070280	thumb_03d	60	0	0
71000702c0	thumb_03e	60	0	0
7100070300	thumb_03f	56	0	0
7100070340	thumb_040	60	0	0
7100070380	thumb_041	64	0	0
71000703c0	thumb_042	64	0	0
7100070400	thumb_043	64	0	0
7100070440	thumb_044	64	0	0
7100070480	thumb_045	64	0	0
71000704c0	thumb_046	64	0	0
7100070500	thumb_047	64	0	0
7100070540	thumb_048	64	0	0
7100070580	thumb_049	64	0	0
71000705c0	thumb_04a	64	0	0
7100070600	thumb_04b	64	0	0
7100070640	thumb_04c	64	0	0
7100070680	thumb_04d	64	0	0
71000706c0	thumb_04e	64	0	0
7100070700	thumb_04f	64	0	0
7100070740	thumb_050	64	0	0
7100070780	thumb_051	64	0	0
71000707c0	thumb_052	64	0	0
7100070800	thumb_053	64	0	0
7100070840	thumb_054	64	0	0
7100070880	thumb_055	64	0	0
71000708c0	thumb_056	64	0	0
7100070900	thumb_057	64	0	0
7100070940	thumb_058	64	0	0
7100070980	thumb_059	64	0	0
71000709c0	thumb_05a	64	0	0
7100070a00	thumb_05b	64	0	0
7100070a40	thumb_05c	64	0	0
7100070a80	thumb_05d	64	0	0
7100070ac0	thumb_05e	64	0	0
7100070b00	thumb_05f	64	0	0
7100070b40	thumb_060	116	0	0
7100070bc0	thumb_061	116	0	0
7100070c40	thumb_062	116	0	0
7100070cc0	thumb_063	116	0	0
7100070d40	thumb_064	116	0	0
7100070dc0	thumb_065	116	0	0
7100070e40	thumb_066	116	0	0
7100070ec0	thumb_067	116	0	0
7100070f40	thumb_068	116	0	0
7100070fc0	thumb_069	116	0	0
7100071040	thumb_06a	116	0	0
71000710c0	thumb_06b	116	0	0
7100071140	thumb_06c	116	0	0
71000711c0	thumb_06d	116	0	0
7100071240	thumb_06e	116	0	0
71000712c0	thumb_06f	116	0	0
7100071340	thumb_070	60	0	0
7100071380	thumb_071	80	0	0
71000713d0	thumb_072	80	0	0
7100071420	thumb_073	80	0	0
7100071470	thumb_074	80	0	0
71000714c0	thumb_075	80	0	0
7100071510	thumb_076	80	0	0
7100071560	thumb_077	80	0	0
71000715b0	thumb_078	64	0	0
71000715f0	thumb_079	80	0	0
7100071640	thumb_07a	84	0	0
71000716a0	thumb_07b	84	0	0
7100071700	thumb_07c	84	0	0
7100071760	thumb_07d	84	0	0
71000717c0	thumb_07e	84	0	0
7100071820	thumb_07f	84	0	0
7100071880	thumb_080_x4	36	0	0
71000718b0	thumb_084_x4	36	0	0
71000718e0	thumb_088_x4	36	0	0
7100071910	thumb_08c_x4	36	0	0
7100071940	thumb_090_x4	36	0	0
7100071970	thumb_094_x4	36	0	0
71000719a0	thumb_098_x4	36	0	0
71000719d0	thumb_09c_x4	36	0	0
7100071a00	thumb_0a0_x4	64	0	0
7100071a40	thumb_0a4_x4	64	0	0
7100071a80	thumb_0a8_x4	64	0	0
7100071ac0	thumb_0ac_x4	64	0	0
7100071b00	thumb_0b0_x4	64	0	0
7100071b40	thumb_0b4_x4	64	0	0
7100071b80	thumb_0b8_x4	64	0	0
7100071bc0	thumb_0bc_x4	64	0	0
7100071c00	thumb_0c0_x4	64	0	0
7100071c40	thumb_0c4_x4	64	0	0
7100071c80	thumb_0c8_x4	64	0	0
7100071cc0	thumb_0cc_x4	64	0	0
7100071d00	thumb_0d0_x4	64	0	0
7100071d40	thumb_0d4_x4	64	0	0
7100071d80	thumb_0d8_x4	64	0	0
7100071dc0	thumb_0dc_x4	64	0	0
7100071e00	thumb_0e0_x4	68	0	0
7100071e50	thumb_0e4_x4	68	0	0
7100071ea0	thumb_0e8_x4	68	0	0
7100071ef0	thumb_0ec_x4	68	0	0
7100071f40	thumb_0f0_x4	68	0	0
7100071f90	thumb_0f4_x4	68	0	0
7100071fe0	thumb_0f8_x4	68	0	0
7100072030	thumb_0fc_x4	68	0	0
7100072080	thumb_100	64	0	0
71000720c0	thumb_101	64	0	0
7100072100	thumb_102	328	0	0
7100072250	thumb_103	328	0	0
71000723a0	thumb_104	328	0	0
71000724f0	thumb_105	128	0	0
7100072570	thumb_106	132	0	0
7100072600	thumb_107	236	0	0
71000726f0	thumb_108	56	0	0
7100072730	thumb_109	84	0	0
7100072790	thumb_10a	112	0	0
7100072800	thumb_10b	112	0	0
7100072870	thumb_10c	64	0	0
71000728b0	thumb_10d	288	0	0
71000729d0	thumb_10e	64	0	0
7100072a10	thumb_10f	56	0	0
7100072a50	thumb_110_x85	164	0	1
7100072b00	thumb_111	44	0	0
7100072b30	thumb_112	392	0	0
7100072cc0	thumb_113	396	0	0
7100072e50	thumb_115	116	0	0
7100072ed0	thumb_116	116	0	0
7100072f50	thumb_117	120	0	0
7100072fd0	thumb_119	32	0	0
7100072ff0	thumb_11a	380	0	0
7100073170	thumb_11b	384	0	0
71000732f0	thumb_11c_x2	336	0	0
7100073440	thumb_120_x32	332	0	0
7100073590	thumb_140_x8	304	0	1
71000736c0	thumb_148_x8	308	0	1
7100073800	thumb_150_x8	308	0	1
7100073940	thumb_158_x8	320	0	1
7100073a80	thumb_160_x8	316	0	1
7100073bc0	thumb_168_x8	316	0	1
7100073d00	thumb_170_x8	320	0	1
7100073e40	thumb_178_x8	332	0	1
7100073f90	thumb_180_x32	304	0	1
71000740c0	thumb_1a0_x32	316	0	1
7100074200	thumb_1c0_x32	304	0	1
7100074330	thumb_1e0_x32	316	0	1
7100074470	thumb_200_x32	308	0	1
71000745b0	thumb_220_x32	316	0	1
71000746f0	thumb_240_x32	296	0	1
7100074820	thumb_260_x32	328	0	0
7100074970	thumb_280_x32	36	0	0
71000749a0	thumb_2a0_x32	32	0	0
71000749c0	thumb_2c0_x4	32	0	0
71000749e0	thumb_2d0_x4	1468	0	1
7100074fa0	thumb_2d4_x4	1628	0	1
7100075600	thumb_2f0_x4	1472	0	1
7100075bc0	thumb_2f4_x4	1608	0	1
7100076210	thumb_300_x32	1532	0	1
7100076810	thumb_320_x32	1500	0	1
7100076df0	thumb_340_x4	364	0	0
7100076f60	thumb_344_x4	368	0	0
71000770d0	thumb_348_x4	364	0	0
7100077240	thumb_34c_x4	368	0	0
71000773b0	thumb_350_x4	364	0	0
7100077520	thumb_354_x4	368	0	0
7100077690	thumb_358_x4	364	0	0
7100077800	thumb_35c_x4	368	0	0
7100077970	thumb_360_x4	380	0	0
7100077af0	thumb_364_x4	380	0	0
7100077c70	thumb_368_x4	376	0	0
7100077df0	thumb_36c_x4	376	0	0
7100077f70	thumb_370_x4	388	0	0
7100078100	thumb_374_x4	388	0	0
7100078290	thumb_37c_x4	48	0	1
71000782c0	thumb_380_x32	368	0	0
7100078430	thumb_3c0_x16	172	0	0
71000784e0	thumb_3d0_x16	176	0	0
7100078590	thumb_3e0_x32	364	0	0
71000789d0	FUN_71000789d0	1088	0	4
7100078e10	FUN_7100078e10	1780	0	4
710007b280	FUN_710007b280	1136	0	1
710007bb50	FUN_710007bb50	1136	0	1
710007c420	FUN_710007c420	1152	0	1
710007c8a0	FUN_710007c8a0	1092	2	0
710007ccf0	FUN_710007ccf0	1060	2	0
710007d120	FUN_710007d120	1060	2	0
710007d550	FUN_710007d550	1060	2	0
710007d980	FUN_710007d980	1000	0	1
710007dd70	FUN_710007dd70	1000	0	1
710007e160	FUN_710007e160	516	1	1
710007e370	FUN_710007e370	584	1	1
710007e5c0	FUN_710007e5c0	564	1	1
710007e800	gba_audio_thread	640	0	18
710007ea80	GbaSystem_ctor	4	1	0
710007ea90	GbaSystem_LoadRom	324	1	15
710007ebe0	FUN_710007ebe0	92	1	5
710007ec40	CPUReset	4	1	0
710007ec50	FUN_710007ec50	44	1	1
710007ec80	gba_run_frame	32	1	2
710007eca0	~SystemEvent	16	0	1
710007ede0	utilLoad_carbon	284	2	7
710007ef00	FUN_710007ef00	24	1	0
710007ef20	FUN_710007ef20	52	1	1
710007ef60	FUN_710007ef60	76	1	1
710007efb0	FUN_710007efb0	24	1	1
710007efd0	FUN_710007efd0	40	1	0
710007f000	FUN_710007f000	160	1	1
710007f0a0	flashSetSize	132	2	1
710007f130	FUN_710007f130	156	3	0
710007f1d0	FUN_710007f1d0	240	3	0
710007f560	FUN_710007f560	24	1	1
710007f580	FUN_710007f580	80	1	0
710007f5d0	FUN_710007f5d0	148	1	1
710007f670	FUN_710007f670	248	3	0
710007f770	FUN_710007f770	744	3	0
710007fab0	rtcEnable	16	1	0
710007fac0	FUN_710007fac0	120	1	0
710007fb40	FUN_710007fb40	1216	1	0
7100080000	FUN_7100080000	24	1	0
7100080020	FUN_7100080020	52	1	0
7100080060	FUN_7100080060	4	1	0
7100080070	FUN_7100080070	4	1	0
7100080080	FUN_7100080080	4	2	0
7100080090	FUN_7100080090	4	3	0
71000800a0	FUN_71000800a0	4	1	0
71000800b0	FUN_71000800b0	4	2	0
71000800c0	FUN_71000800c0	4	1	0
71000800d0	FUN_71000800d0	32	1	1
71000800f0	FUN_71000800f0	944	2	4
71000804a0	FUN_71000804a0	356	2	2
7100080610	FUN_7100080610	196	0	4
71000806e0	FUN_71000806e0	52	1	0
7100080730	FUN_7100080730	260	2	0
7100080840	FUN_7100080840	76	1	0
71000808a0	FUN_71000808a0	372	1	0
7100080a20	FUN_7100080a20	24	1	0
7100080a50	FUN_7100080a50	228	1	0
7100080b40	audio_thread_main	864	0	19
7100080ea0	GbSystem_ctor	76	1	0
7100080ef0	GbSystem_LoadSlotPreviews	3156	1	12
7100081f60	gb_init	256	1	12
7100082060	GbSystem_Shutdown	72	2	3
71000820b0	gb_run_frame	364	1	8
7100082220	GbSystem_SaveState	12	2	1
7100082230	GbSystem_LoadState	80	1	3
7100082280	FUN_7100082280	32	1	4
71000822a0	FUN_71000822a0	44	1	1
7100082330	FUN_7100082330	36	1	0
7100082360	FUN_7100082360	72	2	1
71000823b0	FUN_71000823b0	352	1	4
7100082510	FUN_7100082510	112	0	1
7100082580	FUN_7100082580	40	1	0
71000825b0	FUN_71000825b0	16	0	1
71000825c0	FUN_71000825c0	64	2	0
7100082600	FUN_7100082600	1172	1	1
7100082aa0	FUN_7100082aa0	676	3	3
7100082d50	FUN_7100082d50	1268	1	3
7100083250	FUN_7100083250	100	1	3
71000832c0	FUN_71000832c0	364	0	8
7100083430	GbApu_ctor	112	3	3
71000834a0	GbApu_reset	296	1	1
71000835e0	GbApu_output	160	1	0
7100083680	GbApu_run_until	420	3	3
7100083830	GbApu_end_frame	84	1	1
7100083890	GbApu_write_register	2244	2	1
7100084160	GbApu_read_register	204	1	1
7100084230	FUN_7100084230	28	1	0
7100084250	FUN_7100084250	68	1	0
71000842a0	FUN_71000842a0	64	2	0
71000842e0	FUN_71000842e0	32	1	0
7100084300	FUN_7100084300	116	1	0
71000847e0	FUN_71000847e0	60	2	0
7100084820	FUN_7100084820	28	1	0
7100084b40	FUN_7100084b40	60	2	0
7100084b80	FUN_7100084b80	28	1	0
7100084ef0	FUN_7100084ef0	112	0	1
7100085010	StereoBuffer_set_sample_rate	112	1	1
7100085080	StereoBuffer_clock_rate	84	1	1
7100085120	FUN_7100085120	52	0	1
7100085160	StereoBuffer_end_frame	56	1	0
71000851a0	StereoBuffer_read_samples	524	1	1
71000853e0	gb_service_interrupts	636	1	1
7100085660	FUN_7100085660	92	1	1
71000856c0	gb_key_down	104	1	0
7100085730	gb_key_up	32	1	0
7100085750	FUN_7100085750	172	1	1
7100085800	gb_render_scanline	204	1	6
71000858d0	cgb_render_bg	604	1	0
7100085b30	dmg_render_bg	340	1	0
7100085c90	cgb_render_window	736	1	0
7100085f70	dmg_render_window	364	1	0
71000860e0	cgb_render_sprites	2840	1	1
7100086c00	dmg_render_sprites	1508	1	1
71000871f0	vram_read	100	1	0
7100087260	vram_write	324	1	0
71000873b0	lcd_step	840	1	3
7100087700	video_io_read	436	1	0
71000878c0	video_io_write	1212	2	3
7100087d80	Cartridge_base_ctor	40	6	0
7100087db0	FUN_7100087db0	68	2	1
7100087e00	path_is_nes	352	1	3
7100087f70	path_is_gba	356	1	3
71000880e0	cart_load	2484	1	30
7100088c10	FUN_7100088c10	232	1	6
71000893a0	FUN_71000893a0	140	3	5
7100089480	FUN_7100089480	24	0	2
71000895a0	FUN_71000895a0	252	2	2
71000897e0	FUN_71000897e0	460	1	4
7100089e80	FUN_7100089e80	48	1	3
7100089fe0	FUN_7100089fe0	216	3	6
710008a0f0	__put_character_sequence<char,std::char_traits<char>>	252	2	7
710008a250	FUN_710008a250	356	1	3
710008a3d0	RomOnly_ctor	64	1	1
710008a410	RomOnly_save_sram	16	0	1
710008a420	RomOnly_write	4	0	0
710008a430	RomOnly_read	16	0	0
710008a440	RomOnly_load_sram	4	0	0
710008a450	RomOnly_set_state_path	4	0	0
710008a460	RomOnly_slot3	4	0	0
710008a470	MBC1_ctor	240	1	4
710008a600	MBC1_save_sram	44	0	1
710008a630	MBC1_write	372	0	0
710008a7b0	MBC1_read	188	0	0
710008a870	MBC1_load_sram	124	0	3
710008a910	MBC1_slot3	88	0	2
710008a990	MBC1_set_state_path	8	0	1
710008a9a0	MBC3_ctor	172	1	2
710008aa60	MBC3_save_sram	44	0	1
710008aa90	MBC3_write	636	0	2
710008ad50	FUN_710008ad50	260	1	1
710008ae60	MBC3_read	284	0	0
710008af80	MBC3_load_sram	4	0	0
710008af90	MBC3_slot3	88	0	2
710008b010	MBC3_set_state_path	8	0	1
710008b020	MBC5_ctor	120	1	2
710008b0b0	MBC5_save_sram	44	0	1
710008b0e0	MBC5_write	268	0	0
710008b1f0	MBC5_read	140	0	0
710008b280	MBC5_load_sram	124	0	3
710008b320	MBC5_slot3	88	0	2
710008b3a0	MBC5_set_state_path	8	0	1
710008b3b0	stbi_zlib_compress	4100	1	5
710008c3c0	stbi_write_png_to_mem	2480	1	6
710008cd70	FUN_710008cd70	1212	1	1
710008d230	FUN_710008d230	644	1	3
710008d4c0	gb_write8	356	23	5
710008d630	gb_read8	436	54	5
710008d7f0	gb_read16	48	27	1
710008d820	gb_write16	40	19	1
710008d850	gb_save_state	2204	1	24
710008e210	gb_load_state	788	1	7
710008e5b0	FUN_710008e5b0	364	0	1
710008e780	FUN_710008e780	108	2	1
710008e7f0	gb_cpu_step	128	1	1
710008e870	op_00_NOP_or_illegal	60	0	1
710008e8b0	op_1A_LD_A_mDE	52	0	1
710008e8f0	op_CF_RST_08	68	0	1
710008e940	op_EF_RST_28	68	0	1
710008e990	op_DF_RST_18	68	0	1
710008e9e0	op_FF_RST_38	80	0	1
710008ea30	op_C7_RST_00	64	0	1
710008ea70	op_D7_RST_10	68	0	1
710008eac0	op_E7_RST_20	68	0	1
710008eb10	op_F7_RST_30	68	0	1
710008eb60	op_01_LD_BC_nn	64	0	1
710008eba0	op_02_LD_mBC_A	52	0	1
710008ebe0	op_03_INC_BC	44	0	0
710008ec10	op_04_INC_B	88	0	0
710008ec70	op_05_DEC_B	92	0	0
710008ecd0	op_06_LD_B_n	64	0	1
710008ed10	op_07_RLCA	56	0	0
710008ed50	op_08_LD_mnn_SP	68	0	2
710008eda0	op_09_ADD_HL_BC	96	0	0
710008ee00	op_0A_LD_A_mBC	52	0	1
710008ee40	op_0B_DEC_BC	44	0	0
710008ee70	op_0C_INC_C	88	0	0
710008eed0	op_0D_DEC_C	92	0	0
710008ef30	op_0E_LD_C_n	64	0	1
710008ef70	op_0F_RRCA	56	0	0
710008efb0	op_10_STOP	164	0	2
710008f060	op_11_LD_DE_nn	64	0	1
710008f0a0	op_12_LD_mDE_A	52	0	1
710008f0e0	op_13_INC_DE	44	0	0
710008f110	op_14_INC_D	88	0	0
710008f170	op_15_DEC_D	92	0	0
710008f1d0	op_16_LD_D_n	64	0	1
710008f210	op_17_RLA	64	0	0
710008f250	op_19_ADD_HL_DE	96	0	0
710008f2b0	op_FA_LD_A_mnn	68	0	2
710008f300	op_1B_DEC_DE	44	0	0
710008f330	op_1C_INC_E	88	0	0
710008f390	op_1D_DEC_E	92	0	0
710008f3f0	op_1F_RRA	64	0	0
710008f430	op_20_JR_NZ_e	108	0	1
710008f4a0	op_21_LD_HL_nn	64	0	1
710008f4e0	op_36_LD_mHL_n	72	0	2
710008f530	op_23_INC_HL	44	0	0
710008f560	op_24_INC_H	88	0	0
710008f5c0	op_25_DEC_H	92	0	0
710008f620	op_26_LD_H_n	64	0	1
710008f660	op_27_DAA	160	0	0
710008f700	op_28_JR_Z_e	88	0	1
710008f760	op_29_ADD_HL_HL	92	0	0
710008f7c0	op_2A_LD_A_mHLi	60	0	1
710008f800	op_2B_DEC_HL	44	0	0
710008f830	op_2C_INC_L	88	0	0
710008f890	op_2D_DEC_L	92	0	0
710008f8f0	op_2E_LD_L_n	64	0	1
710008f930	op_2F_CPL	56	0	0
710008f970	op_30_JR_NC_e	108	0	1
710008f9e0	op_31_LD_SP_nn	64	0	1
710008fa20	op_32_LD_mHLd_A	60	0	1
710008fa60	op_22_LD_mHLi_A	60	0	1
710008faa0	op_33_INC_SP	44	0	0
710008fad0	op_34_INC_mHL	104	0	2
710008fb40	op_35_DEC_mHL	108	0	2
710008fbb0	op_37_SCF	48	0	0
710008fbe0	op_38_JR_C_e	108	0	1
710008fc50	op_D2_JP_NC_nn	84	0	1
710008fcb0	op_DA_JP_C_nn	84	0	1
710008fd10	op_39_ADD_HL_SP	96	0	0
710008fd70	op_3A_LD_A_mHLd	60	0	1
710008fdb0	op_3B_DEC_SP	44	0	0
710008fde0	op_E8_ADD_SP_e	100	0	1
710008fe50	op_F8_LD_HL_SPe	100	0	1
710008fec0	op_F2_LD_A_mFFC	56	0	1
710008ff00	op_3C_INC_A	88	0	0
710008ff60	op_3D_DEC_A	92	0	0
710008ffc0	op_3E_LD_A_n	64	0	1
7100090000	op_3F_CCF	48	0	0
7100090030	op_40_LD_B_B	24	0	0
7100090050	op_41_LD_B_C	40	0	0
7100090080	op_42_LD_B_D	40	0	0
71000900b0	op_43_LD_B_E	40	0	0
71000900e0	op_44_LD_B_H	40	0	0
7100090110	op_45_LD_B_L	40	0	0
7100090140	op_46_LD_B_mHL	52	0	1
7100090180	op_47_LD_B_A	40	0	0
71000901b0	op_48_LD_C_B	40	0	0
71000901e0	op_49_LD_C_C	24	0	0
7100090200	op_4A_LD_C_D	40	0	0
7100090230	op_4B_LD_C_E	40	0	0
7100090260	op_4C_LD_C_H	40	0	0
7100090290	op_4D_LD_C_L	40	0	0
71000902c0	op_4E_LD_C_mHL	52	0	1
7100090300	op_4F_LD_C_A	40	0	0
7100090330	op_C5_PUSH_BC	60	0	1
7100090370	op_F5_PUSH_AF	60	0	1
71000903b0	op_E5_PUSH_HL	60	0	1
71000903f0	op_D5_PUSH_DE	60	0	1
7100090430	op_50_LD_D_B	40	0	0
7100090460	op_51_LD_D_C	40	0	0
7100090490	op_52_LD_D_D	24	0	0
71000904b0	op_53_LD_D_E	40	0	0
71000904e0	op_54_LD_D_H	40	0	0
7100090510	op_55_LD_D_L	40	0	0
7100090540	op_56_LD_D_mHL	52	0	1
7100090580	op_57_LD_D_A	40	0	0
71000905b0	op_58_LD_E_B	40	0	0
71000905e0	op_59_LD_E_C	40	0	0
7100090610	op_5A_LD_E_D	40	0	0
7100090640	op_5B_LD_E_E	24	0	0
7100090660	op_5C_LD_E_H	40	0	0
7100090690	op_5D_LD_E_L	40	0	0
71000906c0	op_5E_LD_E_mHL	52	0	1
7100090700	op_5F_LD_E_A	40	0	0
7100090730	op_60_LD_H_B	40	0	0
7100090760	op_61_LD_H_C	40	0	0
7100090790	op_62_LD_H_D	40	0	0
71000907c0	op_63_LD_H_E	40	0	0
71000907f0	op_64_LD_H_H	24	0	0
7100090810	op_65_LD_H_L	40	0	0
7100090840	op_66_LD_H_mHL	52	0	1
7100090880	op_67_LD_H_A	40	0	0
71000908b0	op_68_LD_L_B	40	0	0
71000908e0	op_69_LD_L_C	40	0	0
7100090910	op_6A_LD_L_D	40	0	0
7100090940	op_6B_LD_L_E	40	0	0
7100090970	op_6C_LD_L_H	40	0	0
71000909a0	op_6D_LD_L_L	24	0	0
71000909c0	op_6E_LD_L_mHL	52	0	1
7100090a00	op_6F_LD_L_A	40	0	0
7100090a30	op_70_LD_mHL_B	52	0	1
7100090a70	op_71_LD_mHL_C	52	0	1
7100090ab0	op_72_LD_mHL_D	52	0	1
7100090af0	op_73_LD_mHL_E	52	0	1
7100090b30	op_74_LD_mHL_H	52	0	1
7100090b70	op_75_LD_mHL_L	52	0	1
7100090bb0	op_76_HALT	40	0	0
7100090be0	op_77_LD_mHL_A	52	0	1
7100090c20	op_78_LD_A_B	40	0	0
7100090c50	op_79_LD_A_C	40	0	0
7100090c80	op_7A_LD_A_D	40	0	0
7100090cb0	op_7B_LD_A_E	40	0	0
7100090ce0	op_EA_LD_mnn_A	68	0	2
7100090d30	op_7C_LD_A_H	40	0	0
7100090d60	op_7D_LD_A_L	40	0	0
7100090d90	op_7E_LD_A_mHL	52	0	1
7100090dd0	op_7F_LD_A_A	24	0	0
7100090df0	op_80_ADD_A_B	100	0	0
7100090e60	op_81_ADD_A_C	100	0	0
7100090ed0	op_82_ADD_A_D	100	0	0
7100090f40	op_83_ADD_A_E	100	0	0
7100090fb0	op_84_ADD_A_H	100	0	0
7100091020	op_85_ADD_A_L	100	0	0
7100091090	op_86_ADD_A_mHL	124	0	1
7100091110	op_87_ADD_A_A	84	0	0
7100091170	op_88_ADC_A_B	100	0	0
71000911e0	op_89_ADC_A_C	100	0	0
7100091250	op_8A_ADC_A_D	100	0	0
71000912c0	op_8B_ADC_A_E	100	0	0
7100091330	op_8C_ADC_A_H	100	0	0
71000913a0	op_8D_ADC_A_L	100	0	0
7100091410	op_8E_ADC_A_mHL	112	0	1
7100091480	op_8F_ADC_A_A	84	0	0
71000914e0	op_90_SUB_B	96	0	0
7100091540	op_91_SUB_C	96	0	0
71000915a0	op_92_SUB_D	96	0	0
7100091600	op_93_SUB_E	96	0	0
7100091660	op_94_SUB_H	96	0	0
71000916c0	op_95_SUB_L	96	0	0
7100091720	op_96_SUB_mHL	108	0	1
7100091790	op_97_SUB_A	40	0	0
71000917c0	op_98_SBC_A_B	108	0	0
7100091830	op_DE_SBC_A_n	132	0	1
71000918c0	op_99_SBC_A_C	108	0	0
7100091930	op_9A_SBC_A_D	108	0	0
71000919a0	op_9B_SBC_A_E	108	0	0
7100091a10	op_9F_SBC_A_A	92	0	0
7100091a70	op_9D_SBC_A_L	108	0	0
7100091ae0	op_9C_SBC_A_H	108	0	0
7100091b50	op_9E_SBC_A_mHL	120	0	1
7100091bd0	op_BE_CP_mHL	104	0	1
7100091c40	op_FE_CP_n	116	0	1
7100091cc0	op_B8_CP_B	92	0	0
7100091d20	op_B9_CP_C	92	0	0
7100091d80	op_BA_CP_D	92	0	0
7100091de0	op_BB_CP_E	92	0	0
7100091e40	op_BC_CP_H	92	0	0
7100091ea0	op_BD_CP_L	92	0	0
7100091f00	op_BF_CP_A	40	0	0
7100091f30	op_AF_XOR_A	40	0	0
7100091f60	op_AD_XOR_L	64	0	0
7100091fa0	op_AC_XOR_H	64	0	0
7100091fe0	op_AE_XOR_mHL	76	0	1
7100092030	op_A8_XOR_B	64	0	0
7100092070	op_A9_XOR_C	64	0	0
71000920b0	op_AA_XOR_D	64	0	0
71000920f0	op_AB_XOR_E	64	0	0
7100092130	op_EE_XOR_n	88	0	1
7100092190	op_CB_CB_prefix	6216	0	2
71000939e0	op_E2_LD_mFFC_A	56	0	1
7100093a20	op_E0_LDH_mn_A	72	0	2
7100093a70	op_F0_LDH_A_mn	72	0	1
7100093ac0	op_1E_LD_E_n	64	0	1
7100093b00	op_CD_CALL_nn	88	0	2
7100093b60	op_CC_CALL_Z_nn	112	0	2
7100093bd0	op_D4_CALL_NC_nn	112	0	2
7100093c40	op_DC_CALL_C_nn	112	0	2
7100093cb0	op_C1_POP_BC	64	0	1
7100093cf0	op_D1_POP_DE	64	0	1
7100093d30	op_F1_POP_AF	68	0	1
7100093d80	op_E1_POP_HL	64	0	1
7100093dc0	op_C9_RET	64	0	1
7100093e00	op_18_JR_e	64	0	1
7100093e40	op_D9_RETI	4	0	1
7100093e50	op_C3_JP_nn	52	0	1
7100093e90	op_E9_JP_HL	40	0	0
7100093ec0	op_F3_DI	52	0	0
7100093f00	op_E6_AND_n	92	0	1
7100093f60	op_B0_OR_B	64	0	0
7100093fa0	op_B1_OR_C	64	0	0
7100093fe0	op_B2_OR_D	64	0	0
7100094020	op_B3_OR_E	64	0	0
7100094060	op_B5_OR_L	64	0	0
71000940a0	op_B4_OR_H	64	0	0
71000940e0	op_B7_OR_A	52	0	0
7100094120	op_B6_OR_mHL	76	0	1
7100094170	op_F9_LD_SP_HL	40	0	0
71000941a0	op_C4_CALL_NZ_nn	112	0	2
7100094210	op_F6_OR_n	88	0	1
7100094270	op_FB_EI	52	0	0
71000942b0	op_A4_AND_H	68	0	0
7100094300	op_A5_AND_L	68	0	0
7100094350	op_A6_AND_mHL	80	0	1
71000943a0	op_A1_AND_C	68	0	0
71000943f0	op_A2_AND_D	68	0	0
7100094440	op_A3_AND_E	68	0	0
7100094490	op_A0_AND_B	68	0	0
71000944e0	op_A7_AND_A	56	0	0
7100094520	op_C0_RET_NZ	84	0	1
7100094580	op_D0_RET_NC	84	0	1
71000945e0	op_D8_RET_C	84	0	1
7100094640	op_C8_RET_Z	84	0	1
71000946a0	op_CA_JP_Z_nn	84	0	1
7100094700	op_C2_JP_NZ_nn	84	0	1
7100094760	op_CE_ADC_A_n	124	0	1
71000947e0	op_C6_ADD_A_n	124	0	1
7100094860	op_D6_SUB_n	120	0	1
71000948e0	gb_timer_step	208	1	0
71000949b0	timer_write	104	2	0
7100094a20	timer_read	112	1	0
7100094a90	wram_write	108	1	0
7100094b00	wram_read	96	3	0
7100094b60	FUN_7100094b60	36	1	1
7100094bf0	FUN_7100094bf0	340	2	4
7100094d50	FUN_7100094d50	228	0	1
7100094ec0	FUN_7100094ec0	1240	0	5
71000953c0	FUN_71000953c0	628	1	3
7100095640	FUN_7100095640	88	3	0
71000956a0	FUN_71000956a0	480	2	8
7100095880	FUN_7100095880	268	2	5
7100095990	FUN_7100095990	156	0	1
7100095a60	FUN_7100095a60	304	1	8
7100095cc0	FUN_7100095cc0	192	1	2
7100095d80	FUN_7100095d80	80	0	1
7100095dd0	FUN_7100095dd0	152	2	0
7100095e70	FUN_7100095e70	88	1	0
7100095ed0	FUN_7100095ed0	40	2	0
7100095f00	FUN_7100095f00	268	2	0
7100096010	FUN_7100096010	140	1	0
71000960a0	FUN_71000960a0	76	1	0
71000960f0	FUN_71000960f0	28	1	0
7100096130	FUN_7100096130	36	1	0
7100096160	FUN_7100096160	88	1	0
71000961c0	FUN_71000961c0	136	1	0
7100096250	FUN_7100096250	816	1	0
7100096580	FUN_7100096580	52	1	0
71000965c0	FUN_71000965c0	504	1	0
71000967c0	FUN_71000967c0	48	1	0
71000967f0	FUN_71000967f0	236	1	1
71000968e0	FUN_71000968e0	316	1	1
7100096a20	FUN_7100096a20	760	1	1
7100096d20	FUN_7100096d20	492	1	0
7100096f10	FUN_7100096f10	16	3	0
7100096f20	FUN_7100096f20	504	1	0
7100097120	FUN_7100097120	4	1	0
7100097130	FUN_7100097130	72	1	2
71000974b0	Renderer_ctor	68	1	2
7100097520	gb_present_frame	672	1	4
71000977f0	gba_present_frame	244	1	4
7100097920	FUN_7100097920	4	1	0
7100097930	Renderer_DrawMainMenu	1428	1	6
7100097f70	Renderer_Init	4092	1	21
7100099430	FUN_7100099430	20	1	1
7100099450	Renderer_DrawExtrasMenu	1736	1	13
7100099c30	Renderer_DrawMainMenu	4	1	0
7100099c40	Renderer_DrawMenuBackground	1296	2	6
710009a1d0	Renderer_BeginFrame	20	1	0
710009a1f0	Renderer_EndFrame	28	1	1
710009a210	FUN_710009a210	832	1	3
710009a550	FUN_710009a550	8	1	0
710009a560	Renderer_DrawPauseMenu	3376	1	9
710009b3c0	FUN_710009b3c0	8	1	0
710009b3d0	FUN_710009b3d0	228	3	1
710009b4c0	FUN_710009b4c0	120	0	2
710009b540	Graphics_InitEGL	272	1	13
710009b650	Graphics_Swap	16	3	1
710009b6a0	FUN_710009b6a0	232	7	8
710009b850	FUN_710009b850	240	1	9
710009b940	malloc	120	18	5
710009b9d0	free	280	30	7
710009bb00	calloc	168	0	6
710009bbc0	realloc	132	3	5
710009bc60	aligned_alloc	132	4	5
710009bd00	operator.new	124	6	5
710009bda0	operator.new[]	4	1	0
710009bdb0	operator.new	4	28	0
710009bdc0	operator.new[]	4	13	0
710009bdd0	operator.delete	272	83	7
710009bf00	operator.delete[]	4	23	0
710009bf10	nninitStartup	64	0	2
710009bf50	MoviePlayer_Play	3232	1	39
710009cc20	FUN_710009cc20	604	1	10
710009ce90	FUN_710009ce90	332	1	4
710009cff0	FUN_710009cff0	1372	1	13
710009d590	FUN_710009d590	140	1	3
710009d640	FUN_710009d640	800	1	22
710009d960	FUN_710009d960	248	1	7
710009da70	FUN_710009da70	244	1	7
710009db80	FUN_710009db80	244	1	7
710009f180	FUN_710009f180	72	1	5
710009f1d0	FUN_710009f1d0	44	1	1
710009f200	FUN_710009f200	352	1	7
710009f450	FUN_710009f450	220	2	8
710009f530	MenuSound_LoadAll	540	1	4
710009f750	MenuAudio_Init	1628	1	31
710009fe10	Input_Init	80	1	5
710009fe60	Input_Update	392	2	3
710009fff0	FUN_710009fff0	416	1	1
71000a0190	FUN_71000a0190	620	1	4
71000a0400	FUN_71000a0400	52	0	2
71000a0440	nnMain	364	0	20
71000a05b0	FUN_71000a05b0	4	2	0
71000a05c0	FUN_71000a05c0	12	1	0
71000a05d0	Artwork_LoadTextures	1396	1	2
71000a0ca0	Artwork_Select	348	1	8
71000a0e00	Artwork_Draw	1284	1	10
71000a1330	GameDef_ctor	180	1	2
71000a1720	GameDef_Load	2952	1	10
71000a2330	FUN_71000a2330	12	1	1
71000a2340	GameDef_GetTitleCount	20	2	0
71000a2360	FUN_71000a2360	224	3	6
71000a2450	FUN_71000a2450	12	1	1
71000a2460	FUN_71000a2460	12	1	1
71000a2470	FUN_71000a2470	440	1	7
71000a2630	FUN_71000a2630	132	3	1
71000a2750	FUN_71000a2750	72	1	5
71000a27a0	FUN_71000a27a0	44	1	1
71000a27d0	FUN_71000a27d0	132	2	1
71000a2860	FUN_71000a2860	66512	1	1
71000b2c30	FUN_71000b2c30	44	1	3
71000b2c60	FUN_71000b2c60	102044	1	5
71000cbb00	FUN_71000cbb00	732	1	1
71000cbde0	FUN_71000cbde0	372	1	1
71000cbf60	FUN_71000cbf60	2244	1	1
71000cc830	FUN_71000cc830	672	1	6
71000ccad0	FUN_71000ccad0	84	1	0
71000ccb30	FUN_71000ccb30	72	0	1
71000ccb80	TextRenderer_Init	1528	1	4
71000cd180	Font_Load	556	1	9
71000cd3b0	FUN_71000cd3b0	272	1	5
71000cd4c0	FUN_71000cd4c0	8	3	0
71000cd4d0	FUN_71000cd4d0	684	3	0
71000cd780	FUN_71000cd780	124	3	1
71000cd800	FUN_71000cd800	384	1	1
71000cd9a0	FUN_71000cd9a0	72	1	5
71000cd9f0	FUN_71000cd9f0	44	1	1
71000cda20	FUN_71000cda20	32	1	1
71000cda40	FUN_71000cda40	284	1	5
71000cdb60	FUN_71000cdb60	492	1	4
71000cdd50	FUN_71000cdd50	6348	1	4
71000cf620	FUN_71000cf620	128	1	2
71000cf6a0	FUN_71000cf6a0	1836	1	14
71000d01e0	FUN_71000d01e0	56	4	1
71000d0220	ResourceManager_LoadTexture	268	4	5
71000d0330	ResourceManager_GetTexture	92	9	1
71000d0390	FUN_71000d0390	204	1	4
71000d04b0	~stringstream	128	0	4
71000d0530	FUN_71000d0530	260	1	5
71000d0640	FUN_71000d0640	32	1	1
71000d0680	FUN_71000d0680	26568	1	23
71000d6e50	FUN_71000d6e50	984	1	0
71000d7230	FUN_71000d7230	3268	1	8
71000d7f00	FUN_71000d7f00	3980	2	3
71000d9240	FUN_71000d9240	200	1	0
71000d93c0	FUN_71000d93c0	4972	2	1
71000da730	FUN_71000da730	68	2	0
71000da780	FUN_71000da780	144	2	0
71000da810	FUN_71000da810	1356	1	1
71000dad60	FUN_71000dad60	16252	1	3
71000dece0	FUN_71000dece0	8	1	0
71000deec0	FUN_71000deec0	3284	1	0
71000dfba0	FUN_71000dfba0	1088	2	0
71000dffe0	FUN_71000dffe0	5952	1	8
71000e1720	FUN_71000e1720	2292	1	2
71000e2020	FUN_71000e2020	2316	1	2
71000e2930	FUN_71000e2930	488	2	0
71000e2b20	FUN_71000e2b20	6144	1	2
71000e4320	FUN_71000e4320	548	2	0
71000e4550	FUN_71000e4550	2460	1	1
71000e4ef0	FUN_71000e4ef0	5124	1	5
71000e6300	FUN_71000e6300	2128	1	0
71000e6b50	FUN_71000e6b50	300	2	1
71000e6c80	FUN_71000e6c80	544	1	0
71000e6ea0	FUN_71000e6ea0	684	1	0
71000e7150	FUN_71000e7150	1140	1	1
71000e75d0	FUN_71000e75d0	164	1	2
71000e7680	FUN_71000e7680	212	1	2
71000e7760	FUN_71000e7760	388	1	0
71000e78f0	FUN_71000e78f0	1348	1	1
71000e7e50	FUN_71000e7e50	76	1	2
71000e7eb0	FUN_71000e7eb0	76	1	2
71000e7f00	~stringstream	128	0	4
71000e7f80	~stringstream	136	0	4
71000e8010	~stringstream	136	0	4
71000e80a0	~stringstream	136	0	4
71000e8130	~stringstream	144	0	4
71000e81c0	~stringbuf	52	0	2
71000e8200	~stringbuf	60	0	2
71000e8240	seekoff	340	0	0
71000e83c0	underflow	88	0	0
71000e8420	pbackfail	124	0	0
71000e84a0	overflow	368	0	2
71000e8620	FUN_71000e8620	164	2	4
71000e86e0	FUN_71000e86e0	288	1	1
71000e8800	__tree_balance_after_insert<std::__tree_node_base<void*>*>	412	2	0
71000e89a0	FUN_71000e89a0	184	3	5
71000e8a90	FUN_71000e8a90	288	1	1
71000e8bb0	str	348	1	2
71000e8d10	ResourceManager_static_init	96	0	1
71000e8d70	Shader_Use	40	4	0
71000e8da0	Shader_Compile	656	1	2
71000e9090	Shader_CheckCompileErrors	620	1	8
71000e9320	Shader_SetFloat	124	2	0
71000e93a0	Shader_SetInteger	116	1	0
71000e9420	Shader_SetVector4f	144	1	0
71000e94b0	Shader_SetMatrix4	144	2	0
71000e9540	SpriteRenderer_initRenderData	320	2	0
71000e9680	SpriteRenderer_DrawSprite	756	8	4
71000e9980	App_ctor	24	1	0
71000e99a0	App_Init	516	1	17
71000e9bb0	App_Run	1276	1	29
71000ea0b0	FUN_71000ea0b0	692	1	11
71000ea3e0	App_UpdateInput	4916	1	27
71000eb800	FUN_71000eb800	288	1	14
71000eb920	FUN_71000eb920	64	3	0
71000eb960	FUN_71000eb960	240	2	0
71000eba50	Texture2D_Generate	276	3	0
71000ebb70	Texture2D_Bind	24	1	0
71000ebc90	FUN_71000ebc90	832	5	4
71000ebfd0	FUN_71000ebfd0	588	1	1
71000ec7f0	FUN_71000ec7f0	108	0	0
71000ec860	FUN_71000ec860	296	4	0
71000ecaf0	FUN_71000ecaf0	204	1	2
71000ecbc0	FUN_71000ecbc0	204	1	2
71000ed2b0	FUN_71000ed2b0	404	3	6
71000ed640	FUN_71000ed640	352	0	4
71000ed870	FUN_71000ed870	24	0	2
71000edbf0	FUN_71000edbf0	24	0	2
71000edf90	FUN_71000edf90	24	0	2
71000ee2f0	FUN_71000ee2f0	8	1	1
71000ee4a0	FUN_71000ee4a0	172	1	3
71000ee670	FUN_71000ee670	76	1	2
71000ef220	FUN_71000ef220	112	0	0
71000ef290	FUN_71000ef290	316	1	0
71000ef3d0	FUN_71000ef3d0	108	0	2
71000ef440	FUN_71000ef440	108	0	2
71000ef4b0	FUN_71000ef4b0	108	0	2
71000ef540	FUN_71000ef540	524	1	6
71000ef7a0	FUN_71000ef7a0	108	0	2
71000ef810	FUN_71000ef810	24	0	2
71000ef830	FUN_71000ef830	380	3	0
71000ef9b0	FUN_71000ef9b0	240	1	7
71000efaa0	FUN_71000efaa0	444	1	11
71000efd20	FUN_71000efd20	192	5	2
71000efe00	FUN_71000efe00	24	0	2
71000eff00	FUN_71000eff00	88	0	1
71000eff60	FUN_71000eff60	84	0	2
71000effc0	FUN_71000effc0	108	0	2
71000f0290	FUN_71000f0290	108	0	2
71000f0340	FUN_71000f0340	108	0	2
71000f0620	FUN_71000f0620	108	0	2
71000f0910	FUN_71000f0910	1304	1	7
71000f0e30	FUN_71000f0e30	70960	1	1
7100102360	FUN_7100102360	12	1	1
7100102370	FUN_7100102370	216	1	0
7100102450	FUN_7100102450	184	1	2
7100102510	FUN_7100102510	760	1	11
7100102810	FUN_7100102810	96	0	2
7100102870	FUN_7100102870	228	1	7
7100102960	FUN_7100102960	636	1	13
7100102be0	FUN_7100102be0	156	1	5
7100102c80	FUN_7100102c80	1640	1	27
71001032f0	FUN_71001032f0	1452	1	18
71001038a0	FUN_71001038a0	864	1	1
7100103c00	FUN_7100103c00	224	1	4
7100103ce0	FUN_7100103ce0	280	1	8
7100103f70	FUN_7100103f70	16	2	1
7100103f80	__push_back_slow_path<movie::Buffer_const&>	304	2	6
71001040b0	FUN_71001040b0	304	1	6
71001041e0	FUN_71001041e0	132	1	0
7100104270	FUN_7100104270	4	1	0
7100104280	FUN_7100104280	28	1	0
71001042a0	FUN_71001042a0	1132	1	14
7100104710	FUN_7100104710	168	1	2
71001047c0	FUN_71001047c0	48	1	0
71001047f0	FUN_71001047f0	64	1	1
7100104830	FUN_7100104830	140	1	3
71001048c0	FUN_71001048c0	80	1	2
7100104910	FUN_7100104910	60	1	1
7100104950	FUN_7100104950	196	1	2
7100104bc0	FUN_7100104bc0	56	1	1
7100104c00	FUN_7100104c00	44	2	2
7100104c30	FUN_7100104c30	180	2	3
7100104cf0	FUN_7100104cf0	204	1	3
7100104dc0	FUN_7100104dc0	132	11	3
7100104e50	FUN_7100104e50	296	2	5
7100104f80	FUN_7100104f80	152	3	2
7100105020	FUN_7100105020	100	1	1
71001050b0	FUN_71001050b0	176	1	3
7100105160	FUN_7100105160	92	1	3
71001051c0	FUN_71001051c0	344	1	12
7100105320	FUN_7100105320	352	1	7
7100105480	FUN_7100105480	148	0	2
7100105520	FUN_7100105520	104	1	4
7100105590	FUN_7100105590	20	1	0
71001055b0	FUN_71001055b0	244	1	5
71001056b0	FUN_71001056b0	860	1	14
7100105a10	FUN_7100105a10	320	1	3
7100105b50	FUN_7100105b50	288	1	7
7100105c70	FUN_7100105c70	200	1	3
7100105d40	FUN_7100105d40	4	1	0
7100105f20	FUN_7100105f20	8	1	1
7100105f30	FUN_7100105f30	64	1	0
7100105f70	FUN_7100105f70	56	1	0
7100105fb0	FUN_7100105fb0	80	1	1
7100106000	FUN_7100106000	240	1	1
71001060f0	FUN_71001060f0	700	1	3
71001063b0	FUN_71001063b0	384	1	0
7100106530	FUN_7100106530	56	1	0
7100106570	FUN_7100106570	76	1	0
71001065c0	FUN_71001065c0	56	1	0
7100106600	FUN_7100106600	56	1	0
7100106640	FUN_7100106640	180	1	1
7100106700	FUN_7100106700	440	1	1
71001068c0	FUN_71001068c0	4	1	0
71001068d0	FUN_71001068d0	472	1	1
7100106ab0	FUN_7100106ab0	88	1	0
7100106b10	FUN_7100106b10	32	1	0
7100106b30	FUN_7100106b30	32	1	0
7100106b50	FUN_7100106b50	3308	1	15
7100107840	FUN_7100107840	1480	1	6
7100107e10	FUN_7100107e10	1112	1	0
7100108270	FUN_7100108270	4256	2	2
7100109310	FUN_7100109310	24	1	0
7100109380	FUN_7100109380	14476	1	0
710010cc10	FUN_710010cc10	16	1	0
710010ccf0	FUN_710010ccf0	108	1	0
710010cd60	FUN_710010cd60	160	4	0
710010ce00	FUN_710010ce00	2544	1	19
710010d7f0	FUN_710010d7f0	16	1	1
710010d800	FUN_710010d800	76	1	2
710010db60	FUN_710010db60	180	4	0
710010dc20	FUN_710010dc20	40	0	1
710010dc60	FUN_710010dc60	40	2	0
710010dc90	FUN_710010dc90	984	0	0
710010e080	FUN_710010e080	48	1	1
710010e0f0	InitializeDebugPad	4	1	0
710010e120	FUN_710010e120	24	5	0
710010e140	FUN_710010e140	4	0	0
710010e160	FUN_710010e160	80	1	2
710010e470	FUN_710010e470	184	1	2
710010e5c0	FUN_710010e5c0	76	1	3
710010e980	FUN_710010e980	132	0	0
710010ea80	FUN_710010ea80	568	1	6
710010edc0	FUN_710010edc0	816	0	1
710010f0f0	FUN_710010f0f0	628	0	2
710010f370	FUN_710010f370	488	1	5
710010f590	FUN_710010f590	16	1	1
710010f5a0	FUN_710010f5a0	48	1	1
710010f610	InitializeKeyboard	4	1	0
710010f640	FUN_710010f640	60	1	1
710010f710	InitializeMouse	4	1	0
710010f910	FUN_710010f910	12	2	0
710010f920	FUN_710010f920	12	2	0
710010f940	FUN_710010f940	128	1	5
710010fb40	FUN_710010fb40	1180	0	8
710010fff0	FUN_710010fff0	16	1	1
7100110000	FUN_7100110000	336	1	5
7100110150	FUN_7100110150	60	1	1
7100110220	InitializeTouchScreen	4	1	0
7100110430	FUN_7100110430	12	2	0
7100110440	FUN_7100110440	12	2	0
7100110480	__nnmusl_init_dso	13	0	1
7100110490	fopen	13	10	1
71001104a0	fwrite	13	4	1
71001104b0	fclose	13	12	1
71001104c0	fseek	13	6	1
71001104d0	ftell	13	3	1
71001104e0	fread	13	6	1
71001104f0	memalign	13	3	1
7100110500	memset	13	42	1
7100110510	memcpy	13	44	1
7100110520	strlen	13	10	1
7100110530	strrchr	13	1	1
7100110540	strcasecmp	13	1	1
7100110550	exp2	13	1	1
7100110560	InitializeAudioOutParameter	13	3	1
7100110570	OpenDefaultAudioOut	13	2	1
7100110580	GetAudioOutChannelCount	13	3	1
7100110590	GetAudioOutSampleFormat	13	3	1
71001105a0	StartAudioOut	13	3	1
71001105b0	SetAudioOutBufferInfo	13	4	1
71001105c0	AppendAudioOutBuffer	13	4	1
71001105d0	WaitSystemEvent	13	3	1
71001105e0	GetReleasedAudioOutBuffer	13	3	1
71001105f0	GetAudioOutBufferDataPointer	13	3	1
7100110600	memmove	13	11	1
7100110610	StopAudioOut	13	3	1
7100110620	CloseAudioOut	13	3	1
7100110630	DestroySystemEvent	13	1	1
7100110640	AbortImpl	13	6	1
7100110650	CreateThread	13	2	1
7100110660	sprintf	13	6	1
7100110670	StartThread	13	6	1
7100110680	WaitThread	13	5	1
7100110690	DestroyThread	13	6	1
71001106a0	rewind	13	1	1
71001106b0	SetAudioOutVolume	13	1	1
71001106c0	assign	13	2	1
71001106d0	to_string	13	6	1
71001106e0	append	13	5	1
71001106f0	append	13	3	1
7100110700	string	13	17	1
7100110710	CreateDirectory	13	2	1
7100110720	Commit	13	2	1
7100110730	OpenFile	13	6	1
7100110740	ReadFile	13	2	1
7100110750	operator=	13	8	1
7100110760	CloseFile	13	7	1
7100110770	_Unwind_Resume	13	14	1
7100110780	log	13	2	1
7100110790	pow	13	1	1
71001107a0	cos	13	1	1
71001107b0	string	13	3	1
71001107c0	compare	13	3	1
71001107d0	tellg	13	1	1
71001107e0	seekg	13	1	1
71001107f0	read	13	1	1
7100110800	clear	13	5	1
7100110810	snprintf	13	3	1
7100110820	memcmp	13	4	1
7100110830	~istream	13	2	1
7100110840	~ios	13	8	1
7100110850	__throw_length_error	13	6	1
7100110860	init	13	4	1
7100110870	write	13	0	1
7100110880	~ostream	13	0	1
7100110890	~streambuf	13	10	1
71001108a0	__cxa_begin_catch	13	0	1
71001108b0	__cxa_end_catch	13	0	1
71001108c0	terminate	13	0	1
71001108d0	use_facet	13	3	1
71001108e0	fseeko	13	1	1
71001108f0	ftello	13	0	1
7100110900	fflush	13	1	1
7100110910	__cxa_allocate_exception	13	4	1
7100110920	bad_cast	13	1	1
7100110930	__cxa_throw	13	4	1
7100110940	streambuf	13	2	1
7100110950	locale	13	1	1
7100110960	has_facet	13	1	1
7100110970	~locale	13	3	1
7100110980	sentry	13	1	1
7100110990	getloc	13	2	1
71001109a0	~sentry	13	1	1
71001109b0	__set_badbit_and_consider_rethrow	13	0	1
71001109c0	time	13	3	1
71001109d0	GetEntryType	13	1	1
71001109e0	CreateFile	13	1	1
71001109f0	GetCurrentTime	13	1	1
7100110a00	ToCalendarTime	13	1	1
7100110a10	WriteFile	13	1	1
7100110a20	printf	13	1	1
7100110a30	GetH264NalUnitStartPositionAndNalSize	13	0	1
7100110a40	insert	13	1	1
7100110a50	Initialize	13	2	1
7100110a60	OpenDefaultDisplay	13	2	1
7100110a70	CreateLayer	13	2	1
7100110a80	GetNativeWindow	13	2	1
7100110a90	eglGetDisplay	13	1	1
7100110aa0	eglInitialize	13	1	1
7100110ab0	eglChooseConfig	13	1	1
7100110ac0	eglCreateWindowSurface	13	1	1
7100110ad0	eglBindAPI	13	1	1
7100110ae0	eglCreateContext	13	1	1
7100110af0	eglMakeCurrent	13	1	1
7100110b00	eglSwapInterval	13	1	1
7100110b10	eglSwapBuffers	13	1	1
7100110b20	AllocateFromExpHeap	13	0	1
7100110b30	FreeToExpHeap	13	0	1
7100110b40	Allocate	13	7	1
7100110b50	GetCurrentThread	13	2	1
7100110b60	GetThreadNamePointer	13	2	1
7100110b70	__cxa_guard_acquire	13	13	1
7100110b80	StandardAllocator	13	4	1
7100110b90	__cxa_guard_release	13	13	1
7100110ba0	Free	13	7	1
7100110bb0	Reallocate	13	1	1
7100110bc0	__cxa_guard_abort	13	1	1
7100110bd0	__cxa_call_unexpected	13	0	1
7100110be0	CreateExpHeap	13	1	1
7100110bf0	SetAllocator	13	1	1
7100110c00	SetAllocator	13	1	1
7100110c10	InitializeGraphics	13	1	1
7100110c20	SetGraphicsAllocator	13	1	1
7100110c30	SetGraphicsDevtoolsAllocator	13	1	1
7100110c40	memchr	13	1	1
7100110c50	InitializeMutex	13	5	1
7100110c60	FinalizeGraphics	13	1	1
7100110c70	~MediaData	13	5	1
7100110c80	SleepThread	13	3	1
7100110c90	TimedWaitEvent	13	1	1
7100110ca0	ClearEvent	13	1	1
7100110cb0	GetProgramTotalActiveTime	13	5	1
7100110cc0	SetCoreMask	13	1	1
7100110cd0	InitializeEvent	13	1	1
7100110ce0	InitializeMultiWaitHolder	13	1	1
7100110cf0	InitializeMultiWait	13	1	1
7100110d00	InitializeMessageQueue	13	1	1
7100110d10	Extractor	13	1	1
7100110d20	MediaData	13	2	1
7100110d30	GetThreadPriority	13	1	1
7100110d40	Decoder	13	1	1
7100110d50	FindInt32	13	2	1
7100110d60	Visit	13	1	1
7100110d70	FindString	13	1	1
7100110d80	strncasecmp	13	1	1
7100110d90	MediaData	13	2	1
7100110da0	Clear	13	2	1
7100110db0	~Visitor	13	1	1
7100110dc0	SendMessageQueue	13	1	1
7100110dd0	SignalEvent	13	3	1
7100110de0	FinalizeEvent	13	1	1
7100110df0	FinalizeMultiWaitHolder	13	1	1
7100110e00	FinalizeMultiWait	13	1	1
7100110e10	FinalizeMutex	13	3	1
7100110e20	FinalizeMessageQueue	13	1	1
7100110e30	CreateThread	13	6	1
7100110e40	SetThreadName	13	5	1
7100110e50	ReceiveMessageQueue	13	0	1
7100110e60	LinkMultiWaitHolder	13	0	1
7100110e70	WaitAny	13	0	1
7100110e80	UnlinkMultiWaitHolder	13	0	1
7100110e90	Buffer	13	1	1
7100110ea0	Base	13	2	1
7100110eb0	Capacity	13	2	1
7100110ec0	~Buffer	13	10	1
7100110ed0	SetRange	13	4	1
7100110ee0	Size	13	2	1
7100110ef0	Offset	13	1	1
7100110f00	LockMutex	13	14	1
7100110f10	UnlockMutex	13	14	1
7100110f20	Finalize	13	2	1
7100110f30	__cxa_free_exception	13	3	1
7100110f40	logic_error	13	3	1
7100110f50	__throw_length_error	13	10	1
7100110f60	GetFileSize	13	1	1
7100110f70	NotNullImpl	13	2	1
7100110f80	ReadFile	13	1	1
7100110f90	AcquireVoiceSlot	13	2	1
7100110fa0	SetVoicePlayState	13	2	1
7100110fb0	AppendWaveBuffer	13	2	1
7100110fc0	Initialize	13	2	1
7100110fd0	InitializeAudioRendererParameter	13	1	1
7100110fe0	IsValidAudioRendererParameter	13	1	1
7100110ff0	GetAudioRendererWorkBufferSize	13	1	1
7100111000	OpenAudioRenderer	13	1	1
7100111010	GetAudioRendererConfigWorkBufferSize	13	1	1
7100111020	InitializeAudioRendererConfig	13	1	1
7100111030	AcquireFinalMix	13	1	1
7100111040	AddDeviceSink	13	1	1
7100111050	RequestUpdateAudioRenderer	13	1	1
7100111060	StartAudioRenderer	13	1	1
7100111070	AcquireMemoryPool	13	1	1
7100111080	RequestAttachMemoryPool	13	1	1
7100111090	SetVoiceDestination	13	1	1
71001110a0	SetVoiceMixVolume	13	1	1
71001110b0	AcquireAudioDeviceNotificationForOutput	13	1	1
71001110c0	ListAudioDeviceName	13	1	1
71001110d0	SetDownMixParameter	13	1	1
71001110e0	SetDownMixParameterEnabled	13	1	1
71001110f0	GetReleasedWaveBuffer	13	1	1
7100111100	GetVoiceMixVolume	13	1	1
7100111110	StandardAllocator	13	1	1
7100111120	InitializeNpad	13	2	1
7100111130	SetDefault	13	1	1
7100111140	SetSupportedNpadStyleSet	13	2	1
7100111150	SetSupportedNpadIdType	13	2	1
7100111160	ShowControllerSupport	13	1	1
7100111170	GetNpadStyleSet	13	1	1
7100111180	GetNpadState	13	1	1
7100111190	GetNpadState	13	1	1
71001111a0	GetNpadState	13	1	1
71001111b0	Initialize	13	1	1
71001111c0	TryOpenPreselectedUser	13	1	1
71001111d0	Initialize	13	1	1
71001111e0	GetUserId	13	1	1
71001111f0	EnsureSaveData	13	1	1
7100111200	MountSaveData	13	1	1
7100111210	srand	13	1	1
7100111220	QueryMountRomCacheSize	13	1	1
7100111230	MountRom	13	1	1
7100111240	CloseUser	13	1	1
7100111250	AbortImpl	13	2	1
7100111260	eglGetProcAddress	13	8	1
7100111270	fprintf	13	1	1
7100111280	operator<<	13	1	1
7100111290	~iostream	13	7	1
71001112a0	__cxa_get_exception_ptr	13	0	1
71001112b0	put	13	1	1
71001112c0	flush	13	1	1
71001112d0	~exception	13	0	1
71001112e0	feof	13	0	1
71001112f0	powf	13	1	1
7100111300	strtol	13	2	1
7100111310	strncmp	13	5	1
7100111320	ldexpf	13	1	1
7100111330	push_back	13	1	1
7100111340	resize	13	1	1
7100111350	EnterExitRequestHandlingSection	13	1	1
7100111360	TryPopNotificationMessage	13	1	1
7100111370	LeaveExitRequestHandlingSection	13	1	1
7100111380	ClockSnapshot	13	1	1
7100111390	CreateWithStandardSystemClock	13	1	1
71001113a0	CalculateSpanBetween	13	1	1
71001113b0	OfflineHtmlPageReturnValue	13	1	1
71001113c0	ShowOfflineHtmlPageArg	13	1	1
71001113d0	SetBackgroundKind	13	1	1
71001113e0	SetFooterEnabled	13	1	1
71001113f0	SetPointerEnabled	13	1	1
7100111400	SetBootLoadingIconEnabled	13	1	1
7100111410	SetJsExtensionEnabled	13	1	1
7100111420	SetWebAudioEnabled	13	1	1
7100111430	SetTouchEnabledOnContents	13	1	1
7100111440	ShowOfflineHtmlPage	13	1	1
7100111450	GetOfflineExitReason	13	1	1
7100111460	isalpha	13	0	1
7100111470	isspace	13	3	1
7100111480	strchr	13	2	1
7100111490	vsnprintf	13	1	1
71001114a0	sscanf	13	1	1
71001114b0	fgetc	13	1	1
71001114c0	ferror	13	1	1
71001114d0	strcmp	13	1	1
71001114e0	ReferSymbol	13	1	1
71001114f0	Buffer	13	6	1
7100111500	Buffer	13	1	1
7100111510	Buffer	13	2	1
7100111520	GetUint32Data	13	2	1
7100111530	GetInt64Data	13	2	1
7100111540	SetInt64Data	13	2	1
7100111550	SetInt32Data	13	2	1
7100111560	SetUint32Data	13	2	1
7100111570	operator=	13	2	1
7100111580	abort	13	4	1
7100111590	OpenDefaultAudioOut	13	1	1
71001115a0	GetSampleByteSize	13	2	1
71001115b0	GetAudioOutSampleRate	13	1	1
71001115c0	GetRequiredBufferSizeForResampler	13	1	1
71001115d0	InitializeResampler	13	1	1
71001115e0	GetResamplerOutputSampleCount	13	1	1
71001115f0	ProcessResamplerBuffer	13	2	1
7100111600	GetAudioOutBufferDataSize	13	1	1
7100111610	GetSystemTick	13	2	1
7100111620	ConvertToTimeSpan	13	1	1
7100111630	SetDataAndCapacity	13	1	1
7100111640	SetNvnDev	13	1	1
7100111650	SetNvnSync	13	1	1
7100111660	nvnBootstrapLoader	13	1	1
7100111670	glslcSetAllocator	13	1	1
7100111680	glslcInitialize	13	1	1
7100111690	glslcCompile	13	1	1
71001116a0	glslcFinalize	13	1	1
71001116b0	DestroyLayer	13	1	1
71001116c0	CloseDisplay	13	1	1
71001116d0	Finalize	13	1	1
71001116e0	InitializeDebugPad	13	0	1
71001116f0	GetDebugPadState	13	0	1
7100111700	InitializeKeyboard	13	0	1
7100111710	GetKeyboardState	13	0	1
7100111720	InitializeMouse	13	0	1
7100111730	GetMouseStates	13	0	1
7100111740	InitializeTouchScreen	13	0	1
7100111750	GetTouchScreenStates<16ul>	13	0	1
712cbb5000	__nnmusl_init_dso	1	1	0
712cbba000	exp2	1	1	0
712cbbb000	fclose	1	1	0
712cbbc000	fopen	1	1	0
712cbbd000	fread	1	1	0
712cbbe000	fseek	1	1	0
712cbbf000	ftell	1	1	0
712cbc0000	fwrite	1	1	0
712cbc1000	memalign	1	1	0
712cbc2000	memcmp	1	1	0
712cbc3000	memcpy	1	1	0
712cbc4000	memset	1	1	0
712cbc5000	strcasecmp	1	1	0
712cbc6000	strlen	1	1	0
712cbc7000	strrchr	1	1	0
712cbc8000	WaitThread	1	1	0
712cbc9000	SignalEvent	1	1	0
712cbca000	StartThread	1	1	0
712cbcb000	CreateThread	1	1	0
712cbcc000	DestroyThread	1	1	0
712cbcd000	WaitSystemEvent	1	1	0
712cbce000	DestroySystemEvent	1	1	0
712cbcf000	AbortImpl	1	1	0
712cbd0000	StopAudioOut	1	1	0
712cbd1000	CloseAudioOut	1	1	0
712cbd2000	StartAudioOut	1	1	0
712cbd3000	OpenDefaultAudioOut	1	1	0
712cbd4000	AppendAudioOutBuffer	1	1	0
712cbd5000	SetAudioOutBufferInfo	1	1	0
712cbd6000	GetAudioOutChannelCount	1	1	0
712cbd7000	GetAudioOutSampleFormat	1	1	0
712cbd8000	GetReleasedAudioOutBuffer	1	1	0
712cbd9000	InitializeAudioOutParameter	1	1	0
712cbda000	GetAudioOutBufferDataPointer	1	1	0
712cbdb000	memmove	1	1	0
712cbdc000	sprintf	1	1	0
712cbdd000	rewind	1	1	0
712cbde000	Allocate	1	1	0
712cbdf000	Finalize	1	1	0
712cbe0000	StandardAllocator	1	1	0
712cbe1000	__gxx_personality_v0	1	0	0
712cbe2000	_Unwind_Resume	1	1	0
712cbe3000	CreateDirectory	1	1	0
712cbe4000	Commit	1	1	0
712cbe5000	OpenFile	1	1	0
712cbe6000	ReadFile	1	1	0
712cbe7000	CloseFile	1	1	0
712cbe8000	SetAudioOutVolume	1	1	0
712cbe9000	append	1	1	0
712cbea000	append	1	1	0
712cbeb000	assign	1	1	0
712cbec000	string	1	1	0
712cbed000	operator=	1	1	0
712cbee000	to_string	1	1	0
712cbef000	cos	1	1	0
712cbf0000	log	1	1	0
712cbf1000	pow	1	1	0
712cbf2000	__cxa_pure_virtual	1	0	0
712cbf3000	compare	1	1	0
712cbf4000	__throw_length_error	1	1	0
712cbf5000	has_facet	1	1	0
712cbf6000	use_facet	1	1	0
712cbf7000	getloc	1	1	0
712cbf8000	string	1	1	0
712cbf9000	read	1	1	0
712cbfa000	seekg	1	1	0
712cbfb000	tellg	1	1	0
712cbfc000	~istream	1	0	0
712cbfd000	~istream	1	0	0
712cbfe000	~istream	1	1	0
712cbff000	write	1	1	0
712cc00000	sentry	1	1	0
712cc01000	~sentry	1	1	0
712cc02000	~ostream	1	0	0
712cc03000	~ostream	1	0	0
712cc04000	~ostream	1	1	0
712cc05000	uflow	1	0	0
712cc06000	xsgetn	1	0	0
712cc07000	xsputn	1	0	0
712cc08000	showmanyc	1	0	0
712cc09000	streambuf	1	1	0
712cc0a000	~streambuf	1	1	0
712cc0d000	locale	1	1	0
712cc0e000	~locale	1	1	0
712cc10000	__set_badbit_and_consider_rethrow	1	1	0
712cc11000	init	1	1	0
712cc12000	clear	1	1	0
712cc13000	~ios	1	1	0
712cc14000	bad_cast	1	1	0
712cc15000	~bad_cast	1	0	0
712cc16000	terminate	1	1	0
712cc19000	~istream	1	0	0
712cc1a000	~istream	1	0	0
712cc1b000	~ostream	1	0	0
712cc1c000	~ostream	1	0	0
712cc1d000	__cxa_allocate_exception	1	1	0
712cc1e000	__cxa_begin_catch	1	1	0
712cc1f000	__cxa_end_catch	1	1	0
712cc20000	__cxa_throw	1	1	0
712cc21000	fflush	1	1	0
712cc22000	fseeko	1	1	0
712cc23000	ftello	1	1	0
712cc24000	snprintf	1	1	0
712cc25000	time	1	1	0
712cc26000	CreateFile	1	1	0
712cc27000	GetEntryType	1	1	0
712cc28000	WriteFile	1	1	0
712cc29000	ToCalendarTime	1	1	0
712cc2a000	GetCurrentTime	1	1	0
712cc2b000	logic_error	1	1	0
712cc2c000	~length_error	1	0	0
712cc2e000	__cxa_free_exception	1	1	0
712cc2f000	printf	1	1	0
712cc30000	Initialize	1	1	0
712cc31000	AcquireMemoryPool	1	1	0
712cc32000	OpenAudioRenderer	1	1	0
712cc33000	StartAudioRenderer	1	1	0
712cc34000	RequestAttachMemoryPool	1	1	0
712cc35000	RequestUpdateAudioRenderer	1	1	0
712cc36000	InitializeAudioRendererConfig	1	1	0
712cc37000	IsValidAudioRendererParameter	1	1	0
712cc38000	GetAudioRendererWorkBufferSize	1	1	0
712cc39000	InitializeAudioRendererParameter	1	1	0
712cc3a000	GetAudioRendererConfigWorkBufferSize	1	1	0
712cc3b000	GetH264NalUnitStartPositionAndNalSize	1	1	0
712cc3c000	GetSystemTick	1	1	0
712cc3d000	insert	1	1	0
712cc3e000	Initialize	1	1	0
712cc3f000	CreateLayer	1	1	0
712cc40000	CloseDisplay	1	1	0
712cc41000	DestroyLayer	1	1	0
712cc42000	GetNativeWindow	1	1	0
712cc43000	OpenDefaultDisplay	1	1	0
712cc44000	Finalize	1	1	0
712cc45000	FinalizeGraphics	1	1	0
712cc46000	eglBindAPI	1	1	0
712cc47000	eglChooseConfig	1	1	0
712cc48000	eglCreateContext	1	1	0
712cc49000	eglCreateWindowSurface	1	1	0
712cc4a000	eglGetDisplay	1	1	0
712cc4b000	eglInitialize	1	1	0
712cc4c000	eglMakeCurrent	1	1	0
712cc4d000	eglSwapBuffers	1	1	0
712cc4e000	eglSwapInterval	1	1	0
712cc4f000	SetAllocator	1	1	0
712cc50000	GetProgramTotalActiveTime	1	1	0
712cc51000	ClearEvent	1	1	0
712cc52000	SleepThread	1	1	0
712cc53000	UnlockMutex	1	1	0
712cc54000	CreateThread	1	1	0
712cc55000	FinalizeEvent	1	1	0
712cc56000	FinalizeMutex	1	1	0
712cc57000	SetThreadName	1	1	0
712cc58000	TimedWaitEvent	1	1	0
712cc59000	InitializeEvent	1	1	0
712cc5a000	InitializeMutex	1	1	0
712cc5b000	GetCurrentThread	1	1	0
712cc5c000	SendMessageQueue	1	1	0
712cc5d000	FinalizeMultiWait	1	1	0
712cc5e000	InitializeMultiWait	1	1	0
712cc5f000	LinkMultiWaitHolder	1	1	0
712cc60000	ReceiveMessageQueue	1	1	0
712cc61000	FinalizeMessageQueue	1	1	0
712cc62000	GetThreadNamePointer	1	1	0
712cc63000	UnlinkMultiWaitHolder	1	1	0
712cc64000	InitializeMessageQueue	1	1	0
712cc65000	FinalizeMultiWaitHolder	1	1	0
712cc66000	InitializeMultiWaitHolder	1	1	0
712cc67000	WaitAny	1	1	0
712cc68000	LockMutex	1	1	0
712cc69000	Reallocate	1	1	0
712cc6a000	Free	1	1	0
712cc6b000	CreateExpHeap	1	1	0
712cc6c000	FreeToExpHeap	1	1	0
712cc6d000	AllocateFromExpHeap	1	1	0
712cc6e000	InitializeGraphics	1	1	0
712cc6f000	SetGraphicsAllocator	1	1	0
712cc70000	SetGraphicsDevtoolsAllocator	1	1	0
712cc71000	SetCoreMask	1	1	0
712cc72000	SetAllocator	1	1	0
712cc73000	GetThreadPriority	1	1	0
712cc74000	SetRange	1	1	0
712cc75000	Buffer	1	1	0
712cc76000	~Buffer	1	1	0
712cc77000	Decoder	1	1	0
712cc78000	Extractor	1	1	0
712cc79000	Clear	1	1	0
712cc7a000	~Visitor	1	1	0
712cc7b000	MediaData	1	1	0
712cc7c000	MediaData	1	1	0
712cc7d000	~MediaData	1	1	0
712cc7e000	Base	1	1	0
712cc7f000	Size	1	1	0
712cc80000	Offset	1	1	0
712cc81000	Capacity	1	1	0
712cc82000	FindString	1	1	0
712cc83000	Visit	1	1	0
712cc84000	FindInt32	1	1	0
712cc85000	__throw_length_error	1	1	0
712cc86000	__cxa_call_unexpected	1	1	0
712cc87000	__cxa_guard_abort	1	1	0
712cc88000	__cxa_guard_acquire	1	1	0
712cc89000	__cxa_guard_release	1	1	0
712cc8a000	memchr	1	1	0
712cc8b000	strncasecmp	1	1	0
712cc8c000	GetFileSize	1	1	0
712cc8d000	ReadFile	1	1	0
712cc8e000	StandardAllocator	1	1	0
712cc8f000	NotNullImpl	1	1	0
712cc90000	AddDeviceSink	1	1	0
712cc91000	AcquireFinalMix	1	1	0
712cc92000	AcquireVoiceSlot	1	1	0
712cc93000	AppendWaveBuffer	1	1	0
712cc94000	GetVoiceMixVolume	1	1	0
712cc95000	SetVoiceMixVolume	1	1	0
712cc96000	SetVoicePlayState	1	1	0
712cc97000	ListAudioDeviceName	1	1	0
712cc98000	SetDownMixParameter	1	1	0
712cc99000	SetVoiceDestination	1	1	0
712cc9a000	GetReleasedWaveBuffer	1	1	0
712cc9b000	SetDownMixParameterEnabled	1	1	0
712cc9c000	AcquireAudioDeviceNotificationForOutput	1	1	0
712cc9d000	strncmp	1	1	0
712cc9e000	GetNpadState	1	1	0
712cc9f000	GetNpadState	1	1	0
712cca0000	GetNpadState	1	1	0
712cca1000	InitializeNpad	1	1	0
712cca2000	GetNpadStyleSet	1	1	0
712cca3000	SetDefault	1	1	0
712cca4000	ShowControllerSupport	1	1	0
712cca5000	SetSupportedNpadIdType	1	1	0
712cca6000	SetSupportedNpadStyleSet	1	1	0
712cca7000	MountSaveData	1	1	0
712cca8000	EnsureSaveData	1	1	0
712cca9000	QueryMountRomCacheSize	1	1	0
712ccaa000	MountRom	1	1	0
712ccab000	AbortImpl	1	1	0
712ccac000	Initialize	1	1	0
712ccad000	Initialize	1	1	0
712ccae000	TryOpenPreselectedUser	1	1	0
712ccaf000	CloseUser	1	1	0
712ccb0000	GetUserId	1	1	0
712ccb2000	srand	1	1	0
712ccb3000	eglGetProcAddress	1	1	0
712ccb4000	fprintf	1	1	0
712ccb6000	resize	1	1	0
712ccb7000	push_back	1	1	0
712ccb8000	put	1	1	0
712ccb9000	flush	1	1	0
712ccba000	operator<<	1	1	0
712ccbb000	~iostream	1	0	0
712ccbc000	~iostream	1	0	0
712ccbd000	~iostream	1	1	0
712ccbe000	sync	1	0	0
712ccbf000	imbue	1	0	0
712ccc0000	setbuf	1	0	0
712ccc1000	~exception	1	1	0
712ccc3000	~iostream	1	0	0
712ccc4000	~iostream	1	0	0
712ccc5000	~iostream	1	0	0
712ccc6000	~iostream	1	0	0
712ccc7000	__cxa_get_exception_ptr	1	1	0
712ccc8000	feof	1	1	0
712ccc9000	ldexpf	1	1	0
712ccca000	powf	1	1	0
712cccb000	strtol	1	1	0
712ccd2000	TryPopNotificationMessage	1	1	0
712ccd3000	EnterExitRequestHandlingSection	1	1	0
712ccd4000	LeaveExitRequestHandlingSection	1	1	0
712ccd5000	ShowOfflineHtmlPage	1	1	0
712ccd6000	SetFooterEnabled	1	1	0
712ccd7000	SetBackgroundKind	1	1	0
712ccd8000	SetPointerEnabled	1	1	0
712ccd9000	SetWebAudioEnabled	1	1	0
712ccda000	SetJsExtensionEnabled	1	1	0
712ccdb000	SetBootLoadingIconEnabled	1	1	0
712ccdc000	SetTouchEnabledOnContents	1	1	0
712ccdd000	ShowOfflineHtmlPageArg	1	1	0
712ccde000	OfflineHtmlPageReturnValue	1	1	0
712ccdf000	CreateWithStandardSystemClock	1	1	0
712cce0000	ClockSnapshot	1	1	0
712cce1000	CalculateSpanBetween	1	1	0
712cce2000	GetOfflineExitReason	1	1	0
712cce3000	ferror	1	1	0
712cce4000	fgetc	1	1	0
712cce5000	isalpha	1	1	0
712cce6000	isspace	1	1	0
712cce7000	sscanf	1	1	0
712cce8000	strchr	1	1	0
712cce9000	vsnprintf	1	1	0
712ccea000	strcmp	1	1	0
712cceb000	ReferSymbol	1	1	0
712ccec000	GetSampleByteSize	1	1	0
712cced000	InitializeResampler	1	1	0
712ccee000	OpenDefaultAudioOut	1	1	0
712ccef000	GetAudioOutSampleRate	1	1	0
712ccf0000	ProcessResamplerBuffer	1	1	0
712ccf1000	GetAudioOutBufferDataSize	1	1	0
712ccf2000	GetResamplerOutputSampleCount	1	1	0
712ccf3000	GetRequiredBufferSizeForResampler	1	1	0
712ccf4000	SetInt32Data	1	1	0
712ccf5000	SetInt64Data	1	1	0
712ccf6000	SetUint32Data	1	1	0
712ccf7000	Buffer	1	1	0
712ccf8000	Buffer	1	1	0
712ccf9000	Buffer	1	1	0
712ccfa000	operator=	1	1	0
712ccfb000	GetInt64Data	1	1	0
712ccfc000	GetUint32Data	1	1	0
712ccfd000	abort	1	1	0
712ccfe000	ConvertToTimeSpan	1	1	0
712ccff000	SetNvnSync	1	1	0
712cd00000	SetDataAndCapacity	1	1	0
712cd01000	SetNvnDev	1	1	0
712cd02000	glslcCompile	1	1	0
712cd03000	glslcFinalize	1	1	0
712cd04000	glslcInitialize	1	1	0
712cd05000	glslcSetAllocator	1	1	0
712cd06000	nvnBootstrapLoader	1	1	0
712cd07000	GetDebugPadState	1	1	0
712cd08000	InitializeDebugPad	1	1	0
712cd09000	GetKeyboardState	1	1	0
712cd0a000	InitializeKeyboard	1	1	0
712cd0b000	GetMouseStates	1	1	0
712cd0c000	InitializeMouse	1	1	0
712cd0d000	GetTouchScreenStates<16ul>	1	1	0
712cd0e000	InitializeTouchScreen	1	1	0
